Year,Quarter,Consumer price index,Employment in communications,Employment in construction,Employment in education and health,Employment in financial and business services,Employment in financial services,Employment in government,Employment in other services,Employment in production industries,Employment in professional services,Employment in real estate,Employment in retail,Employment in transport services,Employment in wholesale,Output in communications,Output in construction,Output in financial services,Output in government,Output in retail,Output in education and health,Output in financial and business services,Output in other services,Output in production industries,Output in professional services,Output in real estate,Output in transport services,Output in wholesale,"Personal disposable income, nominal","Personal disposable income, real","Personal income, nominal","Retail sales, nominal","Retail sales, real",Total employment,Total office based employment,Total output,Total population
2015,Q1,259.312,276.0735,331.6689,1666.401,2149.166,549.022,1191.476,1190.153,339.2611,1410.922,189.2218,872.4502,321.4322,400.9382,31940.55,9182.419,59006.3,30193.99,15904.98,30386.12,172889.8,19872.47,15694.17,54670.04,59213.5,13251.22,22804.42,251601.9,245211.6,302741.9,69862.11,73297.36,8739.02,2149.166,361598.3,18358.81
2015,Q2,260.36,274.6349,340.2549,1677.252,2161.926,549.8766,1194.775,1195.202,339.4585,1422.188,189.8612,870.8953,324.0663,401.1779,32623.61,9690.083,60937.42,30189.85,16158.21,30592.22,174773,19995.72,15495.74,54499.78,59335.79,13618.77,23273.89,256008.6,248296.5,308350.7,71230.83,74279.39,8779.643,2161.926,365783.7,18371.72
2015,Q3,261.0556,274.7305,344.0031,1688.223,2173.735,551.078,1201.195,1205.824,340.1158,1430.029,192.6279,869.6093,327.1491,401.3416,34128.02,9779.01,57138.81,30235.59,16123.1,30775.95,171768.7,20121.99,15984.1,55007.1,59622.75,13924.58,23219.02,259925.5,251342.2,312354.9,72445.11,75748.3,8825.927,2173.735,365181.6,18384.75
2015,Q4,261.5219,274.8469,349.937,1707.532,2185.492,553.2074,1200.284,1216.385,340.5725,1439.297,192.9873,866.8924,327.9078,400.6656,34602.5,9762.473,53383.68,30184.85,16179.16,30790.32,167755.8,20051.21,15069.69,55249.84,59122.23,13659.83,23101.44,258601.9,250176,310811.6,71935.7,76297.16,8870.516,2185.492,359764.3,18390.39
2016,Q1,261.0797,274.2445,355.4697,1720.847,2196.853,553.9073,1202.96,1221.852,341.4254,1448.712,194.234,868.7178,330.6291,400.284,35597.36,10066.59,57464.39,30287.6,16401.32,31439.77,172218.1,20143.12,16242.6,55410.79,59342.93,13614.16,22480.46,264878.3,256109.2,316274.6,72401.41,77987.95,8913.283,2196.853,367091.6,18395.59
2016,Q2,262.7826,271.5366,355.993,1735,2204.644,554.0839,1202.534,1227.11,338.964,1454.65,195.91,869.1947,334.049,398.3187,37171.69,9895.583,58201.34,30267.69,16426.69,31199.38,173729.9,20098.09,15699.78,55675.34,59853.22,13558.89,22251.11,265292,255012.5,316937.7,73616.91,78853.91,8937.344,2204.644,368611.2,18401.55
2016,Q3,263.8254,279.0824,358.8192,1752.779,2218.025,554.5132,1205.641,1236.743,338.5642,1465.892,197.6201,871.0665,335.9704,397.4492,36084.18,9831.064,58186.77,30391.34,16616.29,31116.66,173164.3,20101.25,15270.82,55181.07,59796.43,13625.4,22239.99,267273.8,255810.9,319161.4,74111.72,79600.65,8994.14,2218.025,366967.5,18405.93
2016,Q4,265.7984,279.0168,360.8947,1765.675,2226.539,553.4979,1203.026,1240.999,337.9709,1474.882,198.1587,872.9807,339.6768,397.6727,37295.56,9854.404,55734.5,30369.05,16745.62,31642.15,171648.2,20200.71,15081.91,55674.46,60239.26,13901.16,21835.49,270915.6,258054.2,322936.2,75054.13,80310.51,9024.451,2226.539,367004.1,18403.33
2017,Q1,267.5056,279.4621,367.5061,1782.308,2238.756,556.5732,1207.126,1252.507,337.2575,1482.968,199.2152,874.7508,344.1129,396.875,36758.79,9896.156,58329.84,30537.86,16985.45,31732.09,176067.2,20439.35,15735.84,56559.79,61177.59,13733.43,22338.82,278386.8,263813.8,331506.2,76793.11,81576.25,9080.661,2238.756,372594,18400.73
2017,Q2,267.7646,279.6681,367.0391,1793.272,2245.013,557.0744,1203.943,1264.415,336.7957,1487.478,200.4609,871.2448,347.3889,396.9979,37978.05,9654.486,55928.16,30472.54,17111.32,31998.82,174935.8,20803.73,15949.87,57444.85,61562.78,14052.69,22358.47,281258.1,266012.9,334472,77406.51,82923.29,9105.778,2245.013,373720.4,18396.54
2017,Q3,268.6736,282.8239,370.236,1810.46,2255.582,558.451,1205.012,1273.411,335.9784,1495.432,201.699,870.567,353.5647,396.1577,38919.93,9688.067,56836.15,30485.62,17633.69,32110.92,176966.3,20926.81,15889.88,58332.84,61797.27,13765.07,22531.75,284867.2,268357.9,339005.3,78264.91,83645.55,9153.792,2255.582,376736.5,18392.69
2017,Q4,270.1689,283.1364,374.5196,1823.77,2264.853,558.6141,1203.589,1277.84,335.2886,1502.668,203.5706,868.3185,356.8704,394.7577,39208.76,9847.187,56742.11,30482.68,17511.14,32419.76,177848.1,20668.63,15961.28,58854.73,62251.3,14020.08,22105.17,291005.3,272301,346039.9,80767.05,85794.74,9182.942,2264.853,378288.9,18389.37
2018,Q1,271.7825,282.4339,379.1321,1840.169,2268.849,558.4974,1202.098,1280.997,335.2209,1506.175,204.1768,869.5783,358.4926,393.4221,40362.73,9931.334,54576.97,30318.54,18048.38,33094.83,175334.5,20502.41,16244.14,58414.44,62343.07,14037.9,22386.34,294159.4,273585.8,347790.2,81067.32,85498.45,9210.393,2268.849,378707.5,18386.76
2018,Q2,273.2088,285.907,379.843,1857.685,2286.135,561.6032,1206.557,1287.149,335.046,1519.282,205.2501,867.5939,360.3109,391.3403,41571.86,9902.822,54223.04,30304.79,17898.32,33494.07,176495.7,21063.61,16142.54,59211.39,63061.22,14222.85,22482.5,297070.7,274940.7,350910.7,82422.82,86769.1,9257.567,2286.135,381782.7,18384.82
2018,Q3,274.4556,285.201,380.3137,1877.399,2293.761,564.4404,1213.422,1287.501,334.4532,1523.562,205.7588,863.4158,362.1398,392.2646,41905.64,9961.306,54796.14,30228.62,18074.59,33824.66,177385.8,21260.32,16310.68,59566.94,63022.66,14252.58,22753.45,298765.8,275436.3,353314.4,83082.34,87464.12,9289.871,2293.761,384150.2,18387.22
2018,Q4,275.139,281.8642,382.6436,1890.489,2298.714,561.8867,1215.963,1289.338,335.7074,1531.904,204.9236,867.033,365.4861,390.5408,42534.86,9950.181,55185.31,30216.46,18178,33886.06,178338.4,21359.68,16389.48,59990.24,63162.84,14347.17,22901.03,303687.2,278957.8,358573.3,83716.12,88505.45,9317.778,2298.714,386283.9,18395.67
2019,Q1,275.841,281.2659,385.4746,1901.442,2305.952,561.9617,1212.891,1297.42,335.3185,1538.028,205.962,869.6318,367.6337,391.9929,42907.62,9980.863,55148.99,30022.03,18178.72,33802.28,178254.1,21350.07,16456.83,60050.47,63054.66,14430.38,22906.32,304413.9,278904.5,360158.4,83726.27,88354.95,9349.021,2305.952,386470.9,18405.14
2019,Q2,278.4048,282.3583,387.3662,1906.192,2315.73,562.9559,1216.499,1303.23,335.4178,1545.953,206.8215,872.9907,370.2051,392.7547,43514.04,10003.67,55417.43,29967.8,18271.67,33881.05,179039,21436.18,16442.54,60384.41,63237.14,14529.09,22973.93,305749.8,278251.8,362353.4,84823.01,89170.17,9382.745,2315.73,388232.4,18415.18
2019,Q3,280.2733,283.1938,389.2537,1907.467,2323.354,563.6731,1219.197,1308.048,335.6059,1552.306,207.374,875.5657,372.5647,392.7384,44178.27,10063.25,55738.55,29964.83,18382.48,33997.3,180074.5,21537.67,16492.57,60802.61,63533.33,14654.58,23047.92,308887.2,279429.1,366455.8,85920,89969.09,9406.988,2323.354,390555.9,18425.58
2019,Q4,281.7991,283.8633,391.2509,1905.885,2328.652,564.188,1221.767,1311.772,336.0586,1556.351,208.1128,877.5797,374.7043,393.0547,44689.49,10110.01,55900.43,29919.4,18446.59,34065.78,180742.8,21598.33,16541.63,61109.19,63733.17,14741.33,23104.69,311849,280697.5,370294.7,86823.52,90563.91,9424.588,2328.652,392115.2,18435.82
2020,Q1,282.8795,284.0175,392.143,1905.804,2329.886,564.1375,1223.263,1312.885,336.1846,1557.046,208.7028,879.6074,376.5199,392.5953,45066.91,10170.57,55979.12,29851.85,18484.43,34091.29,181137.4,21624.9,16614.29,61305.14,63853.13,14824.9,23134.87,314244.8,282087.9,373499.4,87358.38,90814.15,9432.905,2329.886,393151.7,18446.36
2020,Q2,284.0401,284.3019,392.5965,1905.171,2331.067,563.8301,1232.985,1313.994,335.6902,1557.959,209.2783,881.101,377.7991,392.4002,45721.29,10235.03,56158.54,29854.46,18547.11,34164.39,181906.2,21692.63,16686.84,61688.21,64059.41,14935,23212.92,317153.6,283896.6,377252.4,87888.35,91064.28,9447.106,2331.067,395097,18457.11
2020,Q3,285.3364,284.3838,392.1667,1898.93,2327.688,562.6907,1226.982,1313.41,334.5334,1555.911,209.0859,881.5735,378.2676,390.8723,46006.38,10299.25,56336.84,29875.2,18642.31,34289.03,182690.6,21772.22,16749.01,61999.29,64354.48,14983.93,23291.81,319326,284110.5,380166.7,88618.34,91523.19,9428.808,2327.688,396733.2,18467.83
2020,Q4,286.7549,284.6814,392.3475,1897.985,2326.25,562.4244,1228.613,1315.362,333.3256,1554.839,208.9868,882.5577,379.0411,390.568,46527.18,10359.58,56542.2,29892.35,18725.59,34387.99,183458.9,21841.6,16815.24,62297.03,64619.66,15055.61,23371.35,321999.1,285125.1,383647.1,89255.41,91877.09,9430.73,2326.25,398560.2,18478.3
2021,Q1,288.1927,284.9927,391.9005,1898.599,2324.605,561.6011,1230.532,1317.375,332.3642,1554.017,208.9871,883.2125,379.5073,390.2695,47051.33,10411.59,56779.18,29935.52,18817.6,34495.95,184307.8,21924.11,16883.34,62630.36,64898.23,15128.44,23463.83,324548.6,286193.9,387004.8,90044.37,92375.42,9433.358,2324.605,400535,18489.11
2021,Q2,289.6876,285.2009,391.4238,1898.774,2323.011,561.0042,1231.976,1318.87,331.3738,1553.134,208.8725,883.6328,379.89,389.8465,47557.88,10464.21,57014.22,29978.47,18907.93,34603.31,185169.1,22008.87,16959.43,62980.04,65174.89,15197.7,23564.73,327245.7,287352.6,390511.1,90814.84,92846.63,9433.998,2323.011,402517.8,18500.21
2021,Q3,291.2093,285.4792,391.1192,1899.865,2322.692,560.7,1233.361,1320.638,330.3858,1553.182,208.8101,884.1863,380.3486,389.5242,48068.2,10518.12,57256.01,30014.5,19000.48,34711.81,186051.1,22095.76,17033.45,63340.05,65454.99,15263.33,23671.54,330040.9,288512.8,394141.1,91581.33,93309.69,9437.6,2322.692,404525,18511.36
2021,Q4,292.7472,285.7547,390.8356,1900.962,2322.642,560.4235,1234.801,1322.371,329.3764,1553.494,208.724,884.6314,380.7367,389.187,48572.84,10573.59,57492.61,30044.71,19091.37,34814.96,186915.5,22181.08,17110.35,63697.39,65725.55,15324.2,23783.56,332865,289603,397814,92364.25,93786.56,9441.297,2322.642,406499.7,18522.88
2022,Q1,294.3207,285.9645,390.4446,1902.256,2323.057,560.2013,1236.234,1324.137,328.3215,1554.186,208.6694,885.3351,380.9772,388.8217,49082.4,10629.37,57735.66,30077.77,19185.87,34923.16,187804.1,22270.69,17175.15,64063.57,66004.84,15379.85,23900.97,335616.9,290588.8,401443.2,93142.93,94255.65,9445.548,2323.057,408507.3,18534.68
2022,Q2,295.8933,286.1854,390.1649,1904.002,2324.211,560.1384,1237.764,1326.072,327.4227,1555.393,208.6803,886.0349,381.2195,388.4832,49592.61,10685.74,57982.31,30109.12,19282.1,35032.26,188701.3,22361.52,17244.3,64431.51,66287.47,15435.31,24019.01,338608.7,291751.1,405328.9,93954.97,94754.57,9451.56,2324.211,410531.8,18546.74
2022,Q3,297.4694,286.4113,389.8807,1905.736,2325.257,560.0123,1239.323,1328.016,326.6457,1556.549,208.6954,886.6699,381.4037,388.0154,50101.55,10742.64,58231.25,30142.68,19379.25,35140.87,189602.3,22452.71,17320.21,64799.6,66571.46,15490.74,24134.69,341657.2,292931.9,409225.4,94653.53,95135.36,9457.358,2325.257,412566.7,18558.73
2022,Q4,299.0485,286.6372,389.617,1907.45,2326.235,559.842,1240.844,1329.959,326.0038,1557.677,208.7145,887.1995,381.5304,387.5039,50605.01,10799.77,58478.73,30175.9,19475.78,35247.57,190500.7,22543.09,17406.78,65167.7,66854.27,15546.85,24248.88,344728.4,294105.2,413153.3,95409.42,95571.7,9462.979,2326.235,414599.8,18570.01
2023,Q1,300.6536,286.8869,389.3694,1909.772,2327.481,559.5505,1242.399,1332.005,325.4321,1559.137,208.7935,887.7549,381.3912,386.7614,51104.59,10857.04,58727.35,30209.28,19572.84,35354.31,191405.8,22633.52,17492.75,65538.44,67139.98,15603.45,24364.85,347691.7,295168.4,416990.4,96181.59,96024.61,9469.253,2327.481,416638.2,18581.55
2023,Q2,302.2642,287.1229,389.1381,1912.198,2328.609,559.1403,1243.954,1334.198,324.817,1560.591,208.8777,888.2513,381.2755,385.9178,51600.26,10914.51,58976.23,30243.31,19669.94,35460.29,192312.9,22723.31,17576.5,65909.77,67426.8,15660.52,24483.61,350830.2,296362.8,421009.5,96927.42,96451.89,9475.482,2328.609,418675.2,18593.32
2023,Q3,303.8791,287.3577,388.8399,1914.318,2329.275,558.6281,1245.51,1336.298,324.1846,1561.727,208.9199,888.6885,381.1034,385.0327,52094.51,10972.26,59226.85,30283.29,19767.54,35566.47,193226.8,22813.23,17662.08,66283.37,67716.57,15718.74,24603.67,354002.5,297565.8,425032.5,97659.44,96865.72,9480.607,2329.275,420729.1,18604.99
2023,Q4,305.485,287.5882,388.4794,1916.057,2329.516,558.0499,1247.062,1338.237,323.4357,1562.551,208.915,889.0812,380.8678,384.2228,52584.88,11030.38,59477.7,30327.09,19864.83,35671.34,194142.1,22902.42,17749.46,66657.8,68006.61,15778.14,24729.25,357178.2,298753.4,429063.1,98381.04,97269.59,9484.548,2329.516,422790.8,18616.03
2024,Q1,307.1176,287.8285,388.0996,1917.869,2329.676,557.437,1248.612,1340.292,322.6723,1563.327,208.9121,889.4729,380.6408,383.3573,53073.01,11087.99,59729.67,30372.47,19962.97,35777.09,195063.2,22991.89,17832.83,67033.44,68300.02,15838.15,24853.24,360221.5,299810.6,432976,99117.6,97688.22,9488.521,2329.676,424853.9,18627.35
2024,Q2,308.7645,288.0836,387.7472,1919.83,2329.866,556.8083,1250.158,1342.522,321.9227,1564.139,208.9192,889.899,380.4364,382.4581,53557.88,11146.1,59982.27,30417.44,20061.62,35883.07,195988.3,23081.23,17916.19,67409.95,68596.07,15898.96,24978.92,363461.4,301013.1,437094.8,99831.89,98085.52,9492.924,2329.866,426921.2,18638.92
2024,Q3,310.4246,288.4,387.6077,1922.804,2331.396,556.5186,1251.779,1345.228,321.3434,1565.827,209.0507,890.5262,380.4433,381.8615,54040.23,11204.58,60237.39,30453.9,20161.93,35991.37,196924.9,23171.54,17999.62,67789.38,68898.19,15960.72,25107.52,366764.1,302248.8,441290.4,100559.6,98496.12,9501.389,2331.396,428998.1,18650.36
2024,Q4,312.085,288.6949,387.4496,1925.658,2332.658,556.152,1253.7,1347.904,320.7366,1567.341,209.1659,891.0656,380.429,381.2417,54520.11,11263.42,60490.68,30496.96,20261.66,36097.99,197856.1,23260.58,18083.43,68166.24,69199.27,16022.94,25236.46,370099.3,303490.8,445528.6,101302,98920.92,9509.54,2332.658,431071.7,18661.05
2025,Q1,313.7705,288.9972,387.2872,1928.553,2333.939,555.7848,1255.557,1350.66,320.1076,1568.872,209.2826,891.64,380.4397,380.6243,55000.68,11322.5,60748.24,30540.92,20362.55,36206.09,198800.2,23350.44,18167.21,68546.66,69505.32,16086.26,25368.71,373321.3,304621,449634.1,101985.4,99288.8,9517.806,2333.939,433167.7,18671.99
2025,Q2,315.4547,289.2993,387.1319,1931.426,2335.164,555.4059,1257.423,1353.454,319.4847,1570.363,209.3953,892.237,380.4506,380.024,55478.62,11382.1,61006.14,30585.68,20463.89,36314.16,199747.7,23440.27,18251.75,68928,69813.55,16149.87,25503.04,376701,305861.6,453897.8,102694.8,99682.05,9526.095,2335.164,435269.2,18683.12
2025,Q3,317.1782,289.6351,387.0882,1934.875,2336.991,555.1461,1259.323,1356.58,318.9486,1572.272,209.5739,892.2468,380.5553,379.468,55955.77,11442.2,61265.91,30629.18,20566.68,36424.21,200704.6,23530.95,18334.46,69311.66,70127.02,16212.9,25638.35,380079.9,307080.9,458162.8,103408.5,100079.6,9535.71,2336.991,437381.4,18694.06
2025,Q4,318.897,289.9683,387.0367,1938.257,2338.708,554.8682,1261.232,1359.697,318.4048,1574.097,209.7434,892.2924,380.6383,378.9164,56430.05,11502.42,61525.05,30673.27,20669.49,36533.7,201661.1,23621.13,18417.27,69694.47,70441.57,16275.02,25774.94,383459.8,308281.2,462432.8,104125.4,100479.8,9545.151,2338.708,439490.7,18704.64
2026,Q1,320.6093,290.3041,386.9832,1941.698,2340.432,554.5763,1263.15,1362.881,317.8622,1575.941,209.9154,892.3568,380.729,378.3987,56906.55,11563,61788.39,30719.74,20773.39,36644.43,202630,23711.95,18501.77,70080.88,70760.73,16337.08,25914.85,386699.1,309351.1,466577.1,104838.2,100876.5,9554.798,2340.432,441625.1,18715.43
2026,Q2,322.334,290.4333,386.9368,1945.199,2342.163,554.2716,1265.087,1366.14,317.3287,1577.799,210.0917,892.4174,380.8191,377.9067,57381.52,11623.82,62052.47,30767.39,20877.93,36755.48,203603.8,23803.07,18586.84,70468.77,71082.53,16398.31,26056.64,390107.1,310535.7,470891.7,105535.7,101257.8,9564.431,2342.163,443766.9,18726.38
2026,Q3,324.0775,290.5663,386.9499,1948.942,2344.257,554.0767,1267.048,1369.476,316.8492,1579.881,210.2991,892.5399,380.9482,377.4891,57854.9,11685.11,62317.61,30813.62,20983.28,36867.35,204583.7,23894.46,18672.62,70858.38,71407.66,16458.48,26200.47,393518.7,311704.8,475213,106252,101657.1,9575.066,2344.257,445916.1,18737.07
2026,Q4,325.8207,290.685,386.9454,1952.559,2346.198,553.8671,1269.023,1372.734,316.3566,1581.839,210.4917,892.6655,381.0435,377.0557,58326.6,11746.67,62582.14,30861.26,21088.69,36978.7,205563,23985.36,18758.98,71247.3,71733.59,16517.52,26345.28,396989.3,312901.2,479553.8,106980.3,102067.7,9585.267,2346.198,448064,18747.44
2027,Q1,327.5618,290.8239,386.9428,1956.26,2348.179,553.6548,1271.013,1376.058,315.8337,1583.833,210.6917,892.8924,381.1403,376.639,58801.51,11808.72,62851.86,30911.67,21195.75,37092.27,206558.7,24077.6,18843.68,71641.08,72065.77,16576.1,26492.65,400349.7,313991.7,483807.2,107708.1,102477.3,9595.782,2348.179,450240.3,18758.08
2027,Q2,329.3189,290.9749,386.9563,1960.046,2350.2,553.4354,1273.014,1379.458,315.299,1585.868,210.8976,893.2202,381.238,376.2706,59275.01,11871.11,63121.53,30961.34,21303.11,37205.52,207556.7,24169.68,18928.66,72035.56,72399.57,16633.57,26642.51,403914.2,315222.2,488270.8,108425.8,102876.6,9606.679,2350.2,452418.7,18768.94
2027,Q3,331.1019,291.1242,386.9673,1963.823,2352.166,553.2147,1275.036,1382.844,314.729,1587.85,211.101,893.6302,381.3074,375.893,59747.73,11934.01,63391.46,31012.34,21411.2,37319.48,208558.8,24261.94,19011.81,72431.08,72736.25,16689.56,26793.21,407473.4,316430.3,492713.6,109151.5,103283.6,9617.52,2352.166,454601.3,18779.49
2027,Q4,332.8883,291.2745,386.9706,1967.597,2354.073,552.9841,1277.073,1386.23,314.1192,1589.786,211.3032,894.1147,381.3543,375.5081,60221.39,11997.19,63662.11,31065.25,21520.37,37434.52,209567.5,24354.72,19093.03,72828.52,73076.81,16744.55,26945.19,411074.5,317650.9,497209,109888,103700.1,9628.314,2354.073,456794.6,18789.56
2028,Q1,334.6699,291.4405,386.9598,1971.428,2356.02,552.7559,1279.118,1389.655,313.5081,1591.755,211.5084,894.6711,381.4085,375.1569,60697.46,12060.09,63936.13,31119.89,21630.32,37550.54,210586.8,24448.12,19175.77,73229.21,73421.44,16799.37,27100.27,414540,318747.4,501587.7,110620.6,104112.3,9639.363,2356.02,459009.1,18799.91
2028,Q2,336.4556,291.6165,386.9607,1975.354,2357.992,552.5264,1281.186,1393.153,312.8756,1593.744,211.7218,895.2933,381.4594,374.8228,61173.16,12123.31,64210.88,31174.9,21741.25,37667.51,211611.7,24542.09,19256.42,73631.38,73769.47,16853.29,27256.62,418209.8,319981.4,506175.2,111343.5,104514.4,9650.713,2357.992,461230.2,18810.5
2028,Q3,338.2716,291.7932,386.9758,1979.303,2359.935,552.2956,1283.272,1396.66,312.224,1595.703,211.9366,895.9637,381.4882,374.4828,61648.93,12187.41,64486.52,31231.11,21853.1,37785.3,212642.1,24636.37,19335.07,74034.64,74120.9,16906.14,27413.81,421870.7,321188.8,510752.8,112078.4,104927.3,9662.1,2359.935,463458.8,18820.71
2028,Q4,340.0958,291.9757,386.9858,1983.293,2361.852,552.0584,1285.368,1400.189,311.5378,1597.639,212.1544,896.6761,381.5038,374.1434,62125.29,12251.75,64763.29,31288.69,21965.92,37904.18,213678.5,24731.12,19411.74,74439.2,74476.01,16958.27,27572,425597.8,322427,515412.2,112820.1,105345.9,9673.523,2361.852,465696.5,18830.35
2029,Q1,341.9028,292.1909,387.0096,1987.433,2363.895,551.8282,1287.479,1403.842,310.8463,1599.682,212.3845,897.4323,381.5462,373.868,62604.71,12316.33,65044.24,31346.99,22079.66,38024.07,214726.8,24826.56,19488.62,74847.12,74835.41,17010.44,27733.88,429217.3,323563.4,519955,113556.6,105758.7,9685.542,2363.895,467956.4,18840.26
2029,Q2,343.7078,292.4212,387.0384,1991.68,2366,551.5981,1289.61,1407.574,310.1275,1601.778,212.6243,898.2291,381.5892,373.6135,63084.93,12381.06,65325.81,31405.71,22194.36,38144.83,215780.5,24922.52,19563.24,75256.65,75198.08,17061.99,27897.1,433052.5,324842.4,524717.5,114287.6,106165.6,9697.883,2366,470224.1,18850.42
2029,Q3,345.5501,292.6504,387.073,1995.934,2368.073,551.3649,1291.763,1411.307,309.383,1603.845,212.8639,899.0505,381.6111,373.3522,63565.79,12446.6,65608.52,31466.06,22310.01,38266.52,216840.5,25018.87,19635.75,75667.71,75564.27,17112.78,28061.25,436867.5,326086.5,529456.2,115032.2,106584.3,9710.199,2368.073,472501.1,18860.19
2029,Q4,347.4086,292.8872,387.1,2000.205,2370.139,551.1258,1293.93,1415.062,308.5979,1605.908,213.1046,899.897,381.6203,373.0937,64049.05,12512.4,65892.8,31528.19,22426.76,38389.23,217908.2,25115.86,19705.88,76081.1,75934.31,17163.22,28226.8,440744.4,327356.1,534273.4,115807.7,107030.7,9722.53,2370.139,474791.9,18869.34
2030,Q1,349.2682,293.1467,387.1294,2004.562,2372.275,550.8871,1296.106,1418.89,307.8009,1608.038,213.3509,900.761,381.6465,372.8869,64533.79,12578.55,66180.66,31591.1,22544.13,38512.64,218985.3,25213.29,19776.32,76496.86,76307.75,17213.9,28395.79,444475.8,328497.7,538965.8,116569.3,107463,9735.206,2372.275,477100.2,18878.76
2030,Q2,351.1634,293.4134,387.1692,2008.983,2374.446,550.6458,1298.311,1422.776,307.0125,1610.198,213.602,901.6528,381.6764,372.7039,65016.16,12644.89,66466.84,31652.71,22661.51,38635.43,220059.1,25310.3,19846.92,76910.96,76681.35,17264.05,28565.65,448432.3,329785.8,543888.4,117322.5,107886.5,9748.143,2374.446,479401.3,18888.41
2030,Q3,353.064,293.6661,387.2059,2013.294,2376.509,550.394,1300.535,1426.591,306.2225,1612.273,213.841,902.5481,381.6799,372.5086,65495.84,12711.99,66751.67,31714.59,22778.79,38757.47,221129.5,25406.73,19917.97,77322.8,77055.05,17313.63,28736.03,452376.3,331044.4,548795.6,118087.7,108320.1,9760.759,2376.509,481696.3,18897.6
2030,Q4,354.9682,293.9408,387.2629,2017.761,2378.687,550.1512,1302.773,1430.526,305.4486,1614.44,214.0943,903.4791,381.7017,372.3515,65973.03,12779.19,67035.26,31774.35,22896.2,38879.21,222197.2,25502.84,19989.09,77732.48,77429.47,17362.7,28907.19,456391.8,332334.4,553786.1,118818,108720.5,9773.929,2378.687,483984,18906.3
2031,Q1,356.8728,294.2322,387.3991,2022.253,2380.784,549.9759,1304.929,1434.589,304.667,1616.465,214.3434,904.4324,381.7549,372.166,66481.12,12847.95,67355.42,31831.95,23023.25,39001.11,223301.6,25603.43,20054.8,78138.93,77807.22,17414.41,29079.21,460196.5,333450.3,558575.4,119622.1,109187.2,9787.208,2380.784,486350.7,18915.39
2031,Q2,358.8113,294.5219,387.557,2026.904,2382.868,549.6761,1307.119,1438.766,303.9035,1618.583,214.6091,905.3848,381.7709,372.0214,66956,12917.47,67649.75,31897.56,23142.86,39128.01,224401.1,25704.87,20120.72,78558.6,78192.75,17464.77,29256.38,464286.8,334754,563664.2,120372.2,109603.2,9800.817,2382.868,488690.6,18924.86
2031,Q3,360.7543,294.8478,387.7154,2031.615,2384.991,549.4149,1309.335,1443.063,303.1718,1620.695,214.8818,906.39,381.8178,371.9055,67451.7,12987.14,67955.07,31963.13,23266.43,39254.23,225514.2,25805.15,20189.51,78977.13,78582.03,17515.96,29435.82,468377.6,336036.4,568764,121148.7,110042.1,9814.855,2384.991,491072.9,18934
2031,Q4,362.7026,295.1823,387.8997,2036.448,2387.187,549.1505,1311.577,1447.474,302.4601,1622.873,215.1641,907.4368,381.8787,371.8235,67953.04,13057.57,68268.77,32027.97,23392.88,39381.38,226640.9,25907.44,20258.54,79397.46,78974.7,17567.7,29617.57,472567.3,337369.5,573984.2,121933.3,110487.3,9829.368,2387.187,493483.3,18942.84
2032,Q1,364.6456,295.5441,388.0635,2041.345,2389.452,548.9124,1313.839,1451.966,301.7389,1625.089,215.4515,908.5219,381.9658,371.7607,68463.78,13127.9,68595.07,32095.55,23522.74,39511.18,227793.5,26012.78,20328.03,79824.34,79374.03,17620.69,29803.2,476630.9,338591.3,579107.8,122728.4,110940.5,9844.198,2389.452,495946,18952.05
2032,Q2,366.6261,295.8915,388.2355,2046.257,2391.678,548.6429,1316.119,1456.454,301.0252,1627.298,215.7371,909.6201,382.0436,371.7107,68974.86,13198.97,68925.09,32162.75,23653.84,39641.14,228952.2,26119.08,20397.85,80252.45,79774.73,17673.65,29990.46,480949.1,339972.4,584493.6,123514.2,111383.7,9859.033,2391.678,498419.9,18961.68
2032,Q3,368.6096,296.2563,388.3921,2051.087,2393.855,548.3829,1318.419,1460.945,300.3282,1629.459,216.0139,910.7273,382.1303,371.6593,69488.78,13270.27,69259.65,32230.48,23786.47,39771.24,230119.1,26226.29,20470.64,80682.37,80177.05,17726.74,30179.99,485271,341335.5,589883.7,124321.3,111845.3,9873.802,2393.855,500913.3,18970.93
2032,Q4,370.6017,296.5953,388.5601,2055.971,2396.001,548.0933,1320.739,1465.436,299.609,1631.617,216.2918,911.847,382.1917,371.611,70001.1,13342.34,69593.83,32298.48,23919.44,39901.99,231288.7,26333.73,20541.12,81113.25,80581.52,17778.94,30370.3,489677,342736.4,595376.4,125165,112338,9888.561,2396.001,503407.7,18979.75
2033,Q1,372.5862,296.9583,388.7117,2060.864,2398.156,547.8264,1323.076,1469.939,298.8815,1633.759,216.5704,913.007,382.2689,371.5656,70517.3,13414.25,69931.11,32368.27,24053.13,40033.79,232468.2,26441.55,20611.71,81547.05,80990,17831.19,30562.92,493904.3,343989.1,600711.6,126004.4,112824.8,9903.428,2398.156,505922.1,18988.95
2033,Q2,374.6005,297.3079,388.8788,2065.785,2400.28,547.5336,1325.434,1474.432,298.1673,1635.897,216.8489,914.1898,382.3356,371.5327,71034.55,13486.93,70268.84,32437.58,24187.33,40165.32,233648.8,26549.01,20682.59,81980.37,81399.55,17882.96,30756.75,498397.2,345406.1,606320.2,126835.4,113302.6,9918.343,2400.28,508439.8,18998.51
2033,Q3,376.6184,297.6702,389.0239,2070.569,2402.317,547.2597,1327.775,1478.884,297.4658,1637.945,217.1128,915.4014,382.4014,371.487,71556.68,13559.83,70611.47,32507.36,24323.2,40297.02,234837.5,26657.05,20756.46,82414.79,81811.23,17934.8,30952.79,502902.1,346809.4,611942.9,127686.5,113796.9,9932.995,2402.317,510978.7,19007.71
2033,Q4,378.6505,297.9915,389.1786,2075.351,2404.271,546.9523,1330.133,1483.289,296.7421,1639.946,217.3723,916.614,382.4296,371.4334,72074.44,13633.49,70950.08,32577.38,24458.35,40428.71,236022.5,26764.63,20828.01,82848.7,82223.7,17985.44,31149.09,507492,348247.5,617668.6,128553.1,114302.8,9947.433,2404.271,513506.2,19016.45
2034,Q1,380.6719,298.3318,389.3265,2080.153,2406.229,546.6664,1332.514,1487.675,296.0142,1641.929,217.6333,917.8618,382.4711,371.3849,72593.86,13707.02,71288.21,32648.74,24593.12,40560.86,237211.4,26871.63,20899.35,83284.13,82639.07,18035.9,31347.33,511900.1,349538.7,623236.1,129407.5,114795.9,9961.961,2406.229,516041.4,19025.54
2034,Q2,382.733,298.6632,389.4922,2084.995,2408.151,546.3529,1334.909,1492.049,295.3003,1643.901,217.8967,919.1239,382.5031,371.3466,73115.36,13781.31,71626.55,32719.6,24728.46,40692.59,238400.6,26978.04,20970.87,83718.43,83055.64,18085.92,31546.46,516571,350986.8,629071.5,130254.3,115280.1,9976.532,2408.151,518579.5,19034.99
2034,Q3,384.8025,299.0113,389.6334,2089.724,2409.99,546.0575,1337.324,1496.405,294.5667,1645.784,218.1487,920.3914,382.5299,371.2885,73643.96,13855.83,71971.53,32792.61,24866.24,40825.33,239602.1,27085.71,21042.73,84154.59,83475.97,18136.09,31747.58,521287.1,352442.4,634960.9,131127.2,115785.5,9990.864,2409.99,521146.4,19044.11
2034,Q4,386.8873,299.3138,389.7837,2094.409,2411.719,545.7254,1339.758,1500.69,293.8409,1647.601,218.3918,921.6408,382.5246,371.2246,74166.16,13931.13,72310.53,32865.12,25002.41,40956.96,240794.2,27192.33,21114.9,84588.75,83894.88,18185.34,31948.92,526053.3,353908.7,640911.2,132012.5,116300,10004.9,2411.719,523693.6,19052.79
2035,Q1,388.9542,299.6347,389.9279,2099.073,2413.455,545.4138,1342.214,1504.958,293.1238,1649.409,218.6318,922.8973,382.5378,371.1937,74688.66,14006.26,72647.98,32937.84,25137.37,41087.67,241985.5,27297.69,21189.82,85023.23,84314.34,18234.62,32153.61,530626.4,355223.2,646692.1,132883.1,116799.6,10019.01,2413.455,526243.3,19061.8
2035,Q2,391.0681,299.9501,390.0899,2103.817,2415.174,545.0779,1344.698,1509.239,292.4141,1651.217,218.8791,924.1665,382.543,371.1522,75215.72,14082.25,72986.91,33011.16,25273.86,41219.25,243182,27403.38,21262.39,85457.96,84737.1,18283.73,32358.14,535484.3,356705.3,652765.2,133746.8,117291.1,10033.24,2415.174,528804,19071.17
2035,Q3,393.1795,300.2763,390.227,2108.402,2416.8,544.7589,1347.195,1513.484,291.6904,1652.931,219.1093,925.4178,382.5436,371.1116,75747.1,14158.37,73330.82,33085.8,25411.72,41350.52,244385.2,27509.54,21337.7,85893.17,85161.28,18333.19,32565.72,540332.6,358157.9,658827.2,134633.2,117800.4,10047.15,2416.8,531384.8,19080.18
2035,Q4,395.3088,300.5619,390.377,2113.001,2418.353,544.4075,1349.721,1517.695,290.948,1654.608,219.337,926.6464,382.5101,371.0656,76274.52,14235.34,73670.29,33160.76,25548.85,41481.72,245584.4,27615.45,21410.76,86327.91,85586.16,18381.81,32773.59,545230.4,359621.1,664948.9,135533.4,118319.8,10060.87,2418.353,533955.1,19088.85
