"","Engr.Est","Loc","LD","Typeology","Consumer.price.index","Employment.in.communications","Employment.in.construction","Employment.in.education.and.health","Employment.in.financial.and.business.services","Employment.in.financial.services","Employment.in.government","Employment.in.other.services","Employment.in.production.industries","Employment.in.professional.services","Employment.in.real.estate","Employment.in.retail","Employment.in.transport.services","Employment.in.wholesale","Output.in.communications","Output.in.construction","Output.in.financial.services","Output.in.retail","Output.in.education.and.health","Output.in.financial.and.business.services","Output.in.other.services","Output.in.production.industries","Output.in.professional.services","Output.in.real.estate","Output.in.transport.services","Output.in.wholesale","Personal.disposable.income..nominal","Personal.disposable.income..real","Personal.income..nominal","Retail.sales..nominal","Retail.sales..real","Total.employment","Total.office.based.employment","Total.output","Total.population","permits_1","cci","Format2","quantile_1","quantile_2","quantile_3","quantile_4","quantile_5"
"1",25770000,"NY","Avi","Paving",259.312,276.0735,331.6689,1666.401,2149.166,549.022,1191.476,1190.153,339.2611,1410.922,189.2218,872.4502,321.4322,400.9382,31940.55,9182.419,59006.3,15904.98,30386.12,172889.8,19872.47,15694.17,54670.04,59213.5,13251.22,22804.42,251601.9,245211.6,302741.9,69862.11,73297.36,8739.02,2149.166,361598.3,18358.81,43358,9962,"Other",0,0,0,0,1
"2",9700000,"NY","Avi","Paving",259.312,276.0735,331.6689,1666.401,2149.166,549.022,1191.476,1190.153,339.2611,1410.922,189.2218,872.4502,321.4322,400.9382,31940.55,9182.419,59006.3,15904.98,30386.12,172889.8,19872.47,15694.17,54670.04,59213.5,13251.22,22804.42,251601.9,245211.6,302741.9,69862.11,73297.36,8739.02,2149.166,361598.3,18358.81,43358,9962,"Other",0,0,0,1,0
"3",640000,"NY","Sec","Infra",259.312,276.0735,331.6689,1666.401,2149.166,549.022,1191.476,1190.153,339.2611,1410.922,189.2218,872.4502,321.4322,400.9382,31940.55,9182.419,59006.3,15904.98,30386.12,172889.8,19872.47,15694.17,54670.04,59213.5,13251.22,22804.42,251601.9,245211.6,302741.9,69862.11,73297.36,8739.02,2149.166,361598.3,18358.81,43358,9962,"Other",1,0,0,0,0
"4",9600000,"NJ","Ports","Infra",259.312,276.0735,331.6689,1666.401,2149.166,549.022,1191.476,1190.153,339.2611,1410.922,189.2218,872.4502,321.4322,400.9382,31940.55,9182.419,59006.3,15904.98,30386.12,172889.8,19872.47,15694.17,54670.04,59213.5,13251.22,22804.42,251601.9,245211.6,302741.9,69862.11,73297.36,8739.02,2149.166,361598.3,18358.81,43358,9962,"Public",0,0,0,1,0
"5",4450000,"NJ","PATH","Building",259.312,276.0735,331.6689,1666.401,2149.166,549.022,1191.476,1190.153,339.2611,1410.922,189.2218,872.4502,321.4322,400.9382,31940.55,9182.419,59006.3,15904.98,30386.12,172889.8,19872.47,15694.17,54670.04,59213.5,13251.22,22804.42,251601.9,245211.6,302741.9,69862.11,73297.36,8739.02,2149.166,361598.3,18358.81,43358,9962,"Other",0,0,1,0,0
"6",1300000,"NJ","Ports","Paving",260.36,274.6349,340.2549,1677.252,2161.926,549.8766,1194.775,1195.202,339.4585,1422.188,189.8612,870.8953,324.0663,401.1779,32623.61,9690.083,60937.42,16158.21,30592.22,174773,19995.72,15495.74,54499.78,59335.79,13618.77,23273.89,256008.6,248296.5,308350.7,71230.83,74279.39,8779.643,2161.926,365783.7,18371.72,38139,9975,"Other",1,0,0,0,0
"7",1850000,"NY","Avi","Building",260.36,274.6349,340.2549,1677.252,2161.926,549.8766,1194.775,1195.202,339.4585,1422.188,189.8612,870.8953,324.0663,401.1779,32623.61,9690.083,60937.42,16158.21,30592.22,174773,19995.72,15495.74,54499.78,59335.79,13618.77,23273.89,256008.6,248296.5,308350.7,71230.83,74279.39,8779.643,2161.926,365783.7,18371.72,38139,9975,"Public",0,0,1,0,0
"8",3760000,"NY","Avi","Infra",260.36,274.6349,340.2549,1677.252,2161.926,549.8766,1194.775,1195.202,339.4585,1422.188,189.8612,870.8953,324.0663,401.1779,32623.61,9690.083,60937.42,16158.21,30592.22,174773,19995.72,15495.74,54499.78,59335.79,13618.77,23273.89,256008.6,248296.5,308350.7,71230.83,74279.39,8779.643,2161.926,365783.7,18371.72,38139,9975,"Public",0,0,1,0,0
"9",1770000,"NY","Avi","Infra",260.36,274.6349,340.2549,1677.252,2161.926,549.8766,1194.775,1195.202,339.4585,1422.188,189.8612,870.8953,324.0663,401.1779,32623.61,9690.083,60937.42,16158.21,30592.22,174773,19995.72,15495.74,54499.78,59335.79,13618.77,23273.89,256008.6,248296.5,308350.7,71230.83,74279.39,8779.643,2161.926,365783.7,18371.72,38139,9975,"Public",0,1,0,0,0
"10",2320000,"NJ","Ports","Paving",260.36,274.6349,340.2549,1677.252,2161.926,549.8766,1194.775,1195.202,339.4585,1422.188,189.8612,870.8953,324.0663,401.1779,32623.61,9690.083,60937.42,16158.21,30592.22,174773,19995.72,15495.74,54499.78,59335.79,13618.77,23273.89,256008.6,248296.5,308350.7,71230.83,74279.39,8779.643,2161.926,365783.7,18371.72,38139,9975,"Public",0,1,0,0,0
"11",521000,"Both","PATH","Infra",260.36,274.6349,340.2549,1677.252,2161.926,549.8766,1194.775,1195.202,339.4585,1422.188,189.8612,870.8953,324.0663,401.1779,32623.61,9690.083,60937.42,16158.21,30592.22,174773,19995.72,15495.74,54499.78,59335.79,13618.77,23273.89,256008.6,248296.5,308350.7,71230.83,74279.39,8779.643,2161.926,365783.7,18371.72,38139,9975,"Other",0,1,0,0,0
"12",735000,"NJ","Avi","Infra",260.36,274.6349,340.2549,1677.252,2161.926,549.8766,1194.775,1195.202,339.4585,1422.188,189.8612,870.8953,324.0663,401.1779,32623.61,9690.083,60937.42,16158.21,30592.22,174773,19995.72,15495.74,54499.78,59335.79,13618.77,23273.89,256008.6,248296.5,308350.7,71230.83,74279.39,8779.643,2161.926,365783.7,18371.72,38139,9975,"Public",1,0,0,0,0
"13",830000,"Both","TB&T","Infra",260.36,274.6349,340.2549,1677.252,2161.926,549.8766,1194.775,1195.202,339.4585,1422.188,189.8612,870.8953,324.0663,401.1779,32623.61,9690.083,60937.42,16158.21,30592.22,174773,19995.72,15495.74,54499.78,59335.79,13618.77,23273.89,256008.6,248296.5,308350.7,71230.83,74279.39,8779.643,2161.926,365783.7,18371.72,38139,9975,"Other",0,1,0,0,0
"14",1263000,"NY","Avi","Infra",260.36,274.6349,340.2549,1677.252,2161.926,549.8766,1194.775,1195.202,339.4585,1422.188,189.8612,870.8953,324.0663,401.1779,32623.61,9690.083,60937.42,16158.21,30592.22,174773,19995.72,15495.74,54499.78,59335.79,13618.77,23273.89,256008.6,248296.5,308350.7,71230.83,74279.39,8779.643,2161.926,365783.7,18371.72,38139,9975,"Public",1,0,0,0,0
"15",3340000,"NJ","PATH","Infra",260.36,274.6349,340.2549,1677.252,2161.926,549.8766,1194.775,1195.202,339.4585,1422.188,189.8612,870.8953,324.0663,401.1779,32623.61,9690.083,60937.42,16158.21,30592.22,174773,19995.72,15495.74,54499.78,59335.79,13618.77,23273.89,256008.6,248296.5,308350.7,71230.83,74279.39,8779.643,2161.926,365783.7,18371.72,38139,9975,"Public",0,0,0,1,0
"16",1550000,"NY","Avi","Building",260.36,274.6349,340.2549,1677.252,2161.926,549.8766,1194.775,1195.202,339.4585,1422.188,189.8612,870.8953,324.0663,401.1779,32623.61,9690.083,60937.42,16158.21,30592.22,174773,19995.72,15495.74,54499.78,59335.79,13618.77,23273.89,256008.6,248296.5,308350.7,71230.83,74279.39,8779.643,2161.926,365783.7,18371.72,38139,9975,"Other",0,0,1,0,0
"17",6400000,"NJ","Ports","Infra",260.36,274.6349,340.2549,1677.252,2161.926,549.8766,1194.775,1195.202,339.4585,1422.188,189.8612,870.8953,324.0663,401.1779,32623.61,9690.083,60937.42,16158.21,30592.22,174773,19995.72,15495.74,54499.78,59335.79,13618.77,23273.89,256008.6,248296.5,308350.7,71230.83,74279.39,8779.643,2161.926,365783.7,18371.72,38139,9975,"Public",0,0,0,1,0
"18",29100000,"NJ","Ports","Infra",260.36,274.6349,340.2549,1677.252,2161.926,549.8766,1194.775,1195.202,339.4585,1422.188,189.8612,870.8953,324.0663,401.1779,32623.61,9690.083,60937.42,16158.21,30592.22,174773,19995.72,15495.74,54499.78,59335.79,13618.77,23273.89,256008.6,248296.5,308350.7,71230.83,74279.39,8779.643,2161.926,365783.7,18371.72,38139,9975,"Public",0,0,0,0,1
"19",1600000,"NY","Ports","Paving",260.36,274.6349,340.2549,1677.252,2161.926,549.8766,1194.775,1195.202,339.4585,1422.188,189.8612,870.8953,324.0663,401.1779,32623.61,9690.083,60937.42,16158.21,30592.22,174773,19995.72,15495.74,54499.78,59335.79,13618.77,23273.89,256008.6,248296.5,308350.7,71230.83,74279.39,8779.643,2161.926,365783.7,18371.72,38139,9975,"Public",1,0,0,0,0
"20",6500000,"Both","TB&T","Infra",260.36,274.6349,340.2549,1677.252,2161.926,549.8766,1194.775,1195.202,339.4585,1422.188,189.8612,870.8953,324.0663,401.1779,32623.61,9690.083,60937.42,16158.21,30592.22,174773,19995.72,15495.74,54499.78,59335.79,13618.77,23273.89,256008.6,248296.5,308350.7,71230.83,74279.39,8779.643,2161.926,365783.7,18371.72,38139,9975,"Public",0,0,0,1,0
"21",1800000,"Both","TB&T","Infra",260.36,274.6349,340.2549,1677.252,2161.926,549.8766,1194.775,1195.202,339.4585,1422.188,189.8612,870.8953,324.0663,401.1779,32623.61,9690.083,60937.42,16158.21,30592.22,174773,19995.72,15495.74,54499.78,59335.79,13618.77,23273.89,256008.6,248296.5,308350.7,71230.83,74279.39,8779.643,2161.926,365783.7,18371.72,38139,9975,"Public",0,0,1,0,0
"22",1918000,"NJ","Avi","Infra",261.0556,274.7305,344.0031,1688.223,2173.735,551.078,1201.195,1205.824,340.1158,1430.029,192.6279,869.6093,327.1491,401.3416,34128.02,9779.01,57138.81,16123.1,30775.95,171768.7,20121.99,15984.1,55007.1,59622.75,13924.58,23219.02,259925.5,251342.2,312354.9,72445.11,75748.3,8825.927,2173.735,365181.6,18384.75,54098,10039,"Public",0,1,0,0,0
"23",354000,"NJ","Avi","Building",261.0556,274.7305,344.0031,1688.223,2173.735,551.078,1201.195,1205.824,340.1158,1430.029,192.6279,869.6093,327.1491,401.3416,34128.02,9779.01,57138.81,16123.1,30775.95,171768.7,20121.99,15984.1,55007.1,59622.75,13924.58,23219.02,259925.5,251342.2,312354.9,72445.11,75748.3,8825.927,2173.735,365181.6,18384.75,54098,10039,"Other",1,0,0,0,0
"24",1650000,"NY","Avi","Infra",261.0556,274.7305,344.0031,1688.223,2173.735,551.078,1201.195,1205.824,340.1158,1430.029,192.6279,869.6093,327.1491,401.3416,34128.02,9779.01,57138.81,16123.1,30775.95,171768.7,20121.99,15984.1,55007.1,59622.75,13924.58,23219.02,259925.5,251342.2,312354.9,72445.11,75748.3,8825.927,2173.735,365181.6,18384.75,54098,10039,"Public",0,1,0,0,0
"25",325000,"NJ","Avi","Building",261.0556,274.7305,344.0031,1688.223,2173.735,551.078,1201.195,1205.824,340.1158,1430.029,192.6279,869.6093,327.1491,401.3416,34128.02,9779.01,57138.81,16123.1,30775.95,171768.7,20121.99,15984.1,55007.1,59622.75,13924.58,23219.02,259925.5,251342.2,312354.9,72445.11,75748.3,8825.927,2173.735,365181.6,18384.75,54098,10039,"Other",1,0,0,0,0
"26",7900000,"NY","Avi","Building",261.0556,274.7305,344.0031,1688.223,2173.735,551.078,1201.195,1205.824,340.1158,1430.029,192.6279,869.6093,327.1491,401.3416,34128.02,9779.01,57138.81,16123.1,30775.95,171768.7,20121.99,15984.1,55007.1,59622.75,13924.58,23219.02,259925.5,251342.2,312354.9,72445.11,75748.3,8825.927,2173.735,365181.6,18384.75,54098,10039,"Public",0,0,0,1,0
"27",7000000,"NJ","Ports","Infra",261.0556,274.7305,344.0031,1688.223,2173.735,551.078,1201.195,1205.824,340.1158,1430.029,192.6279,869.6093,327.1491,401.3416,34128.02,9779.01,57138.81,16123.1,30775.95,171768.7,20121.99,15984.1,55007.1,59622.75,13924.58,23219.02,259925.5,251342.2,312354.9,72445.11,75748.3,8825.927,2173.735,365181.6,18384.75,54098,10039,"Public",0,0,0,1,0
"28",7400000,"Both","TB&T","Paving",261.5219,274.8469,349.937,1707.532,2185.492,553.2074,1200.284,1216.385,340.5725,1439.297,192.9873,866.8924,327.9078,400.6656,34602.5,9762.473,53383.68,16179.16,30790.32,167755.8,20051.21,15069.69,55249.84,59122.23,13659.83,23101.44,258601.9,250176,310811.6,71935.7,76297.16,8870.516,2185.492,359764.3,18390.39,48731,10092,"Other",0,0,0,1,0
"29",3650000,"NJ","Avi","Infra",261.5219,274.8469,349.937,1707.532,2185.492,553.2074,1200.284,1216.385,340.5725,1439.297,192.9873,866.8924,327.9078,400.6656,34602.5,9762.473,53383.68,16179.16,30790.32,167755.8,20051.21,15069.69,55249.84,59122.23,13659.83,23101.44,258601.9,250176,310811.6,71935.7,76297.16,8870.516,2185.492,359764.3,18390.39,48731,10092,"Public",0,0,1,0,0
"30",1290000,"NJ","TB&T","Paving",261.5219,274.8469,349.937,1707.532,2185.492,553.2074,1200.284,1216.385,340.5725,1439.297,192.9873,866.8924,327.9078,400.6656,34602.5,9762.473,53383.68,16179.16,30790.32,167755.8,20051.21,15069.69,55249.84,59122.23,13659.83,23101.44,258601.9,250176,310811.6,71935.7,76297.16,8870.516,2185.492,359764.3,18390.39,48731,10092,"Public",0,1,0,0,0
"31",1340000,"NJ","TB&T","Infra",261.5219,274.8469,349.937,1707.532,2185.492,553.2074,1200.284,1216.385,340.5725,1439.297,192.9873,866.8924,327.9078,400.6656,34602.5,9762.473,53383.68,16179.16,30790.32,167755.8,20051.21,15069.69,55249.84,59122.23,13659.83,23101.44,258601.9,250176,310811.6,71935.7,76297.16,8870.516,2185.492,359764.3,18390.39,48731,10092,"Public",0,1,0,0,0
"32",7100000,"Both","TB&T","Infra",261.5219,274.8469,349.937,1707.532,2185.492,553.2074,1200.284,1216.385,340.5725,1439.297,192.9873,866.8924,327.9078,400.6656,34602.5,9762.473,53383.68,16179.16,30790.32,167755.8,20051.21,15069.69,55249.84,59122.23,13659.83,23101.44,258601.9,250176,310811.6,71935.7,76297.16,8870.516,2185.492,359764.3,18390.39,48731,10092,"Public",0,0,0,1,0
"33",7055100,"NJ","Avi","Paving",261.5219,274.8469,349.937,1707.532,2185.492,553.2074,1200.284,1216.385,340.5725,1439.297,192.9873,866.8924,327.9078,400.6656,34602.5,9762.473,53383.68,16179.16,30790.32,167755.8,20051.21,15069.69,55249.84,59122.23,13659.83,23101.44,258601.9,250176,310811.6,71935.7,76297.16,8870.516,2185.492,359764.3,18390.39,48731,10092,"Other",0,0,0,1,0
"34",8700000,"Both","TB&T","Infra",261.5219,274.8469,349.937,1707.532,2185.492,553.2074,1200.284,1216.385,340.5725,1439.297,192.9873,866.8924,327.9078,400.6656,34602.5,9762.473,53383.68,16179.16,30790.32,167755.8,20051.21,15069.69,55249.84,59122.23,13659.83,23101.44,258601.9,250176,310811.6,71935.7,76297.16,8870.516,2185.492,359764.3,18390.39,48731,10092,"Public",0,0,0,1,0
"35",1200000,"NY","Avi","Infra",261.5219,274.8469,349.937,1707.532,2185.492,553.2074,1200.284,1216.385,340.5725,1439.297,192.9873,866.8924,327.9078,400.6656,34602.5,9762.473,53383.68,16179.16,30790.32,167755.8,20051.21,15069.69,55249.84,59122.23,13659.83,23101.44,258601.9,250176,310811.6,71935.7,76297.16,8870.516,2185.492,359764.3,18390.39,48731,10092,"Public",0,1,0,0,0
"36",2000000,"NY","TB&T","Paving",261.5219,274.8469,349.937,1707.532,2185.492,553.2074,1200.284,1216.385,340.5725,1439.297,192.9873,866.8924,327.9078,400.6656,34602.5,9762.473,53383.68,16179.16,30790.32,167755.8,20051.21,15069.69,55249.84,59122.23,13659.83,23101.44,258601.9,250176,310811.6,71935.7,76297.16,8870.516,2185.492,359764.3,18390.39,48731,10092,"Other",0,1,0,0,0
"37",1200000,"NJ","Ports","Paving",261.0797,274.2445,355.4697,1720.847,2196.853,553.9073,1202.96,1221.852,341.4254,1448.712,194.234,868.7178,330.6291,400.284,35597.36,10066.59,57464.39,16401.32,31439.77,172218.1,20143.12,16242.6,55410.79,59342.93,13614.16,22480.46,264878.3,256109.2,316274.6,72401.41,77987.95,8913.283,2196.853,367091.6,18395.59,48467,10181,"Other",1,0,0,0,0
"38",9000000,"NY","Sec","Building",261.0797,274.2445,355.4697,1720.847,2196.853,553.9073,1202.96,1221.852,341.4254,1448.712,194.234,868.7178,330.6291,400.284,35597.36,10066.59,57464.39,16401.32,31439.77,172218.1,20143.12,16242.6,55410.79,59342.93,13614.16,22480.46,264878.3,256109.2,316274.6,72401.41,77987.95,8913.283,2196.853,367091.6,18395.59,48467,10181,"Other",0,0,0,1,0
"39",10000000,"NJ","Ports","Infra",261.0797,274.2445,355.4697,1720.847,2196.853,553.9073,1202.96,1221.852,341.4254,1448.712,194.234,868.7178,330.6291,400.284,35597.36,10066.59,57464.39,16401.32,31439.77,172218.1,20143.12,16242.6,55410.79,59342.93,13614.16,22480.46,264878.3,256109.2,316274.6,72401.41,77987.95,8913.283,2196.853,367091.6,18395.59,48467,10181,"Public",0,0,0,1,0
"40",4574000,"NJ","PATH","Infra",261.0797,274.2445,355.4697,1720.847,2196.853,553.9073,1202.96,1221.852,341.4254,1448.712,194.234,868.7178,330.6291,400.284,35597.36,10066.59,57464.39,16401.32,31439.77,172218.1,20143.12,16242.6,55410.79,59342.93,13614.16,22480.46,264878.3,256109.2,316274.6,72401.41,77987.95,8913.283,2196.853,367091.6,18395.59,48467,10181,"Public",0,0,1,0,0
"41",2530000,"NY","Avi","Infra",261.0797,274.2445,355.4697,1720.847,2196.853,553.9073,1202.96,1221.852,341.4254,1448.712,194.234,868.7178,330.6291,400.284,35597.36,10066.59,57464.39,16401.32,31439.77,172218.1,20143.12,16242.6,55410.79,59342.93,13614.16,22480.46,264878.3,256109.2,316274.6,72401.41,77987.95,8913.283,2196.853,367091.6,18395.59,48467,10181,"Public",0,0,1,0,0
"42",4072000,"NY","Avi","Paving",261.0797,274.2445,355.4697,1720.847,2196.853,553.9073,1202.96,1221.852,341.4254,1448.712,194.234,868.7178,330.6291,400.284,35597.36,10066.59,57464.39,16401.32,31439.77,172218.1,20143.12,16242.6,55410.79,59342.93,13614.16,22480.46,264878.3,256109.2,316274.6,72401.41,77987.95,8913.283,2196.853,367091.6,18395.59,48467,10181,"Public",0,0,1,0,0
"43",69865000,"NJ","TB&T","Infra",261.0797,274.2445,355.4697,1720.847,2196.853,553.9073,1202.96,1221.852,341.4254,1448.712,194.234,868.7178,330.6291,400.284,35597.36,10066.59,57464.39,16401.32,31439.77,172218.1,20143.12,16242.6,55410.79,59342.93,13614.16,22480.46,264878.3,256109.2,316274.6,72401.41,77987.95,8913.283,2196.853,367091.6,18395.59,48467,10181,"Public",0,0,0,0,1
"44",3250000,"NY","Avi","Infra",261.0797,274.2445,355.4697,1720.847,2196.853,553.9073,1202.96,1221.852,341.4254,1448.712,194.234,868.7178,330.6291,400.284,35597.36,10066.59,57464.39,16401.32,31439.77,172218.1,20143.12,16242.6,55410.79,59342.93,13614.16,22480.46,264878.3,256109.2,316274.6,72401.41,77987.95,8913.283,2196.853,367091.6,18395.59,48467,10181,"Public",0,0,1,0,0
"45",25210000,"NJ","Avi","Infra",261.0797,274.2445,355.4697,1720.847,2196.853,553.9073,1202.96,1221.852,341.4254,1448.712,194.234,868.7178,330.6291,400.284,35597.36,10066.59,57464.39,16401.32,31439.77,172218.1,20143.12,16242.6,55410.79,59342.93,13614.16,22480.46,264878.3,256109.2,316274.6,72401.41,77987.95,8913.283,2196.853,367091.6,18395.59,48467,10181,"Public",0,0,0,0,1
"46",13100000,"NJ","Ports","Infra",261.0797,274.2445,355.4697,1720.847,2196.853,553.9073,1202.96,1221.852,341.4254,1448.712,194.234,868.7178,330.6291,400.284,35597.36,10066.59,57464.39,16401.32,31439.77,172218.1,20143.12,16242.6,55410.79,59342.93,13614.16,22480.46,264878.3,256109.2,316274.6,72401.41,77987.95,8913.283,2196.853,367091.6,18395.59,48467,10181,"Other",0,0,0,0,1
"47",1300000,"NY","Avi","Building",262.7826,271.5366,355.993,1735,2204.644,554.0839,1202.534,1227.11,338.964,1454.65,195.91,869.1947,334.049,398.3187,37171.69,9895.583,58201.34,16426.69,31199.38,173729.9,20098.09,15699.78,55675.34,59853.22,13558.89,22251.11,265292,255012.5,316937.7,73616.91,78853.91,8937.344,2204.644,368611.2,18401.55,43463,10315,"Public",1,0,0,0,0
"48",1900000,"NJ","PATH","Infra",262.7826,271.5366,355.993,1735,2204.644,554.0839,1202.534,1227.11,338.964,1454.65,195.91,869.1947,334.049,398.3187,37171.69,9895.583,58201.34,16426.69,31199.38,173729.9,20098.09,15699.78,55675.34,59853.22,13558.89,22251.11,265292,255012.5,316937.7,73616.91,78853.91,8937.344,2204.644,368611.2,18401.55,43463,10315,"Public",0,1,0,0,0
"49",700000,"NJ","Ports","Building",262.7826,271.5366,355.993,1735,2204.644,554.0839,1202.534,1227.11,338.964,1454.65,195.91,869.1947,334.049,398.3187,37171.69,9895.583,58201.34,16426.69,31199.38,173729.9,20098.09,15699.78,55675.34,59853.22,13558.89,22251.11,265292,255012.5,316937.7,73616.91,78853.91,8937.344,2204.644,368611.2,18401.55,43463,10315,"Public",1,0,0,0,0
"50",670000,"NJ","Avi","Infra",262.7826,271.5366,355.993,1735,2204.644,554.0839,1202.534,1227.11,338.964,1454.65,195.91,869.1947,334.049,398.3187,37171.69,9895.583,58201.34,16426.69,31199.38,173729.9,20098.09,15699.78,55675.34,59853.22,13558.89,22251.11,265292,255012.5,316937.7,73616.91,78853.91,8937.344,2204.644,368611.2,18401.55,43463,10315,"Public",1,0,0,0,0
"51",600000,"NY","TB&T","Infra",262.7826,271.5366,355.993,1735,2204.644,554.0839,1202.534,1227.11,338.964,1454.65,195.91,869.1947,334.049,398.3187,37171.69,9895.583,58201.34,16426.69,31199.38,173729.9,20098.09,15699.78,55675.34,59853.22,13558.89,22251.11,265292,255012.5,316937.7,73616.91,78853.91,8937.344,2204.644,368611.2,18401.55,43463,10315,"Public",1,0,0,0,0
"52",1700000,"NJ","TB&T","Infra",262.7826,271.5366,355.993,1735,2204.644,554.0839,1202.534,1227.11,338.964,1454.65,195.91,869.1947,334.049,398.3187,37171.69,9895.583,58201.34,16426.69,31199.38,173729.9,20098.09,15699.78,55675.34,59853.22,13558.89,22251.11,265292,255012.5,316937.7,73616.91,78853.91,8937.344,2204.644,368611.2,18401.55,43463,10315,"Other",1,0,0,0,0
"53",2000000,"NJ","TB&T","Infra",262.7826,271.5366,355.993,1735,2204.644,554.0839,1202.534,1227.11,338.964,1454.65,195.91,869.1947,334.049,398.3187,37171.69,9895.583,58201.34,16426.69,31199.38,173729.9,20098.09,15699.78,55675.34,59853.22,13558.89,22251.11,265292,255012.5,316937.7,73616.91,78853.91,8937.344,2204.644,368611.2,18401.55,43463,10315,"Public",0,0,1,0,0
"54",4000000,"NJ","Ports","Infra",262.7826,271.5366,355.993,1735,2204.644,554.0839,1202.534,1227.11,338.964,1454.65,195.91,869.1947,334.049,398.3187,37171.69,9895.583,58201.34,16426.69,31199.38,173729.9,20098.09,15699.78,55675.34,59853.22,13558.89,22251.11,265292,255012.5,316937.7,73616.91,78853.91,8937.344,2204.644,368611.2,18401.55,43463,10315,"Public",0,0,0,1,0
"55",1930000,"NY","Avi","Paving",262.7826,271.5366,355.993,1735,2204.644,554.0839,1202.534,1227.11,338.964,1454.65,195.91,869.1947,334.049,398.3187,37171.69,9895.583,58201.34,16426.69,31199.38,173729.9,20098.09,15699.78,55675.34,59853.22,13558.89,22251.11,265292,255012.5,316937.7,73616.91,78853.91,8937.344,2204.644,368611.2,18401.55,43463,10315,"Other",0,0,1,0,0
"56",2800000,"Both","TB&T","Infra",262.7826,271.5366,355.993,1735,2204.644,554.0839,1202.534,1227.11,338.964,1454.65,195.91,869.1947,334.049,398.3187,37171.69,9895.583,58201.34,16426.69,31199.38,173729.9,20098.09,15699.78,55675.34,59853.22,13558.89,22251.11,265292,255012.5,316937.7,73616.91,78853.91,8937.344,2204.644,368611.2,18401.55,43463,10315,"Public",0,0,1,0,0
"57",2253000,"NJ","Ports","Building",262.7826,271.5366,355.993,1735,2204.644,554.0839,1202.534,1227.11,338.964,1454.65,195.91,869.1947,334.049,398.3187,37171.69,9895.583,58201.34,16426.69,31199.38,173729.9,20098.09,15699.78,55675.34,59853.22,13558.89,22251.11,265292,255012.5,316937.7,73616.91,78853.91,8937.344,2204.644,368611.2,18401.55,43463,10315,"Other",0,0,1,0,0
"58",1800000,"NY","TB&T","Infra",262.7826,271.5366,355.993,1735,2204.644,554.0839,1202.534,1227.11,338.964,1454.65,195.91,869.1947,334.049,398.3187,37171.69,9895.583,58201.34,16426.69,31199.38,173729.9,20098.09,15699.78,55675.34,59853.22,13558.89,22251.11,265292,255012.5,316937.7,73616.91,78853.91,8937.344,2204.644,368611.2,18401.55,43463,10315,"Public",0,1,0,0,0
"59",1636000,"NY","TB&T","Infra",263.8254,279.0824,358.8192,1752.779,2218.025,554.5132,1205.641,1236.743,338.5642,1465.892,197.6201,871.0665,335.9704,397.4492,36084.18,9831.064,58186.77,16616.29,31116.66,173164.3,20101.25,15270.82,55181.07,59796.43,13625.4,22239.99,267273.8,255810.9,319161.4,74111.72,79600.65,8994.14,2218.025,366967.5,18405.93,48662,10385,"Other",0,1,0,0,0
"60",1750000,"NY","Avi","Infra",263.8254,279.0824,358.8192,1752.779,2218.025,554.5132,1205.641,1236.743,338.5642,1465.892,197.6201,871.0665,335.9704,397.4492,36084.18,9831.064,58186.77,16616.29,31116.66,173164.3,20101.25,15270.82,55181.07,59796.43,13625.4,22239.99,267273.8,255810.9,319161.4,74111.72,79600.65,8994.14,2218.025,366967.5,18405.93,48662,10385,"Public",0,1,0,0,0
"61",800000,"NJ","TB&T","Building",263.8254,279.0824,358.8192,1752.779,2218.025,554.5132,1205.641,1236.743,338.5642,1465.892,197.6201,871.0665,335.9704,397.4492,36084.18,9831.064,58186.77,16616.29,31116.66,173164.3,20101.25,15270.82,55181.07,59796.43,13625.4,22239.99,267273.8,255810.9,319161.4,74111.72,79600.65,8994.14,2218.025,366967.5,18405.93,48662,10385,"Other",1,0,0,0,0
"62",1450000,"NY","TB&T","Paving",263.8254,279.0824,358.8192,1752.779,2218.025,554.5132,1205.641,1236.743,338.5642,1465.892,197.6201,871.0665,335.9704,397.4492,36084.18,9831.064,58186.77,16616.29,31116.66,173164.3,20101.25,15270.82,55181.07,59796.43,13625.4,22239.99,267273.8,255810.9,319161.4,74111.72,79600.65,8994.14,2218.025,366967.5,18405.93,48662,10385,"Public",1,0,0,0,0
"63",6120000,"NJ","PATH","Building",263.8254,279.0824,358.8192,1752.779,2218.025,554.5132,1205.641,1236.743,338.5642,1465.892,197.6201,871.0665,335.9704,397.4492,36084.18,9831.064,58186.77,16616.29,31116.66,173164.3,20101.25,15270.82,55181.07,59796.43,13625.4,22239.99,267273.8,255810.9,319161.4,74111.72,79600.65,8994.14,2218.025,366967.5,18405.93,48662,10385,"Public",0,0,0,1,0
"64",230000,"NJ","Avi","Infra",263.8254,279.0824,358.8192,1752.779,2218.025,554.5132,1205.641,1236.743,338.5642,1465.892,197.6201,871.0665,335.9704,397.4492,36084.18,9831.064,58186.77,16616.29,31116.66,173164.3,20101.25,15270.82,55181.07,59796.43,13625.4,22239.99,267273.8,255810.9,319161.4,74111.72,79600.65,8994.14,2218.025,366967.5,18405.93,48662,10385,"Other",1,0,0,0,0
"65",2000000,"NJ","Ports","Building",263.8254,279.0824,358.8192,1752.779,2218.025,554.5132,1205.641,1236.743,338.5642,1465.892,197.6201,871.0665,335.9704,397.4492,36084.18,9831.064,58186.77,16616.29,31116.66,173164.3,20101.25,15270.82,55181.07,59796.43,13625.4,22239.99,267273.8,255810.9,319161.4,74111.72,79600.65,8994.14,2218.025,366967.5,18405.93,48662,10385,"Public",0,1,0,0,0
"66",73640000,"NY","Avi","Paving",263.8254,279.0824,358.8192,1752.779,2218.025,554.5132,1205.641,1236.743,338.5642,1465.892,197.6201,871.0665,335.9704,397.4492,36084.18,9831.064,58186.77,16616.29,31116.66,173164.3,20101.25,15270.82,55181.07,59796.43,13625.4,22239.99,267273.8,255810.9,319161.4,74111.72,79600.65,8994.14,2218.025,366967.5,18405.93,48662,10385,"Other",0,0,0,0,1
"67",3120000,"NJ","Ports","Building",265.7984,279.0168,360.8947,1765.675,2226.539,553.4979,1203.026,1240.999,337.9709,1474.882,198.1587,872.9807,339.6768,397.6727,37295.56,9854.404,55734.5,16745.62,31642.15,171648.2,20200.71,15081.91,55674.46,60239.26,13901.16,21835.49,270915.6,258054.2,322936.2,75054.13,80310.51,9024.451,2226.539,367004.1,18403.33,49526,10442,"Public",0,1,0,0,0
"68",2400000,"NY","PATH","Building",265.7984,279.0168,360.8947,1765.675,2226.539,553.4979,1203.026,1240.999,337.9709,1474.882,198.1587,872.9807,339.6768,397.6727,37295.56,9854.404,55734.5,16745.62,31642.15,171648.2,20200.71,15081.91,55674.46,60239.26,13901.16,21835.49,270915.6,258054.2,322936.2,75054.13,80310.51,9024.451,2226.539,367004.1,18403.33,49526,10442,"Public",0,0,0,1,0
"69",67636000,"NJ","TB&T","Infra",265.7984,279.0168,360.8947,1765.675,2226.539,553.4979,1203.026,1240.999,337.9709,1474.882,198.1587,872.9807,339.6768,397.6727,37295.56,9854.404,55734.5,16745.62,31642.15,171648.2,20200.71,15081.91,55674.46,60239.26,13901.16,21835.49,270915.6,258054.2,322936.2,75054.13,80310.51,9024.451,2226.539,367004.1,18403.33,49526,10442,"Public",0,0,0,0,1
"70",2150000,"Both","TB&T","Infra",265.7984,279.0168,360.8947,1765.675,2226.539,553.4979,1203.026,1240.999,337.9709,1474.882,198.1587,872.9807,339.6768,397.6727,37295.56,9854.404,55734.5,16745.62,31642.15,171648.2,20200.71,15081.91,55674.46,60239.26,13901.16,21835.49,270915.6,258054.2,322936.2,75054.13,80310.51,9024.451,2226.539,367004.1,18403.33,49526,10442,"Public",0,1,0,0,0
"71",480000,"Both","TB&T","Infra",265.7984,279.0168,360.8947,1765.675,2226.539,553.4979,1203.026,1240.999,337.9709,1474.882,198.1587,872.9807,339.6768,397.6727,37295.56,9854.404,55734.5,16745.62,31642.15,171648.2,20200.71,15081.91,55674.46,60239.26,13901.16,21835.49,270915.6,258054.2,322936.2,75054.13,80310.51,9024.451,2226.539,367004.1,18403.33,49526,10442,"Other",1,0,0,0,0
"72",850000,"NJ","TB&T","Paving",265.7984,279.0168,360.8947,1765.675,2226.539,553.4979,1203.026,1240.999,337.9709,1474.882,198.1587,872.9807,339.6768,397.6727,37295.56,9854.404,55734.5,16745.62,31642.15,171648.2,20200.71,15081.91,55674.46,60239.26,13901.16,21835.49,270915.6,258054.2,322936.2,75054.13,80310.51,9024.451,2226.539,367004.1,18403.33,49526,10442,"Other",1,0,0,0,0
"73",1763000,"NY","Avi","Paving",265.7984,279.0168,360.8947,1765.675,2226.539,553.4979,1203.026,1240.999,337.9709,1474.882,198.1587,872.9807,339.6768,397.6727,37295.56,9854.404,55734.5,16745.62,31642.15,171648.2,20200.71,15081.91,55674.46,60239.26,13901.16,21835.49,270915.6,258054.2,322936.2,75054.13,80310.51,9024.451,2226.539,367004.1,18403.33,49526,10442,"Public",0,0,1,0,0
"74",2170000,"NY","Avi","Infra",265.7984,279.0168,360.8947,1765.675,2226.539,553.4979,1203.026,1240.999,337.9709,1474.882,198.1587,872.9807,339.6768,397.6727,37295.56,9854.404,55734.5,16745.62,31642.15,171648.2,20200.71,15081.91,55674.46,60239.26,13901.16,21835.49,270915.6,258054.2,322936.2,75054.13,80310.51,9024.451,2226.539,367004.1,18403.33,49526,10442,"Public",0,1,0,0,0
"75",61900000,"NJ","Ports","Infra",265.7984,279.0168,360.8947,1765.675,2226.539,553.4979,1203.026,1240.999,337.9709,1474.882,198.1587,872.9807,339.6768,397.6727,37295.56,9854.404,55734.5,16745.62,31642.15,171648.2,20200.71,15081.91,55674.46,60239.26,13901.16,21835.49,270915.6,258054.2,322936.2,75054.13,80310.51,9024.451,2226.539,367004.1,18403.33,49526,10442,"Public",0,0,0,0,1
"76",1460000,"NJ","Ports","Paving",265.7984,279.0168,360.8947,1765.675,2226.539,553.4979,1203.026,1240.999,337.9709,1474.882,198.1587,872.9807,339.6768,397.6727,37295.56,9854.404,55734.5,16745.62,31642.15,171648.2,20200.71,15081.91,55674.46,60239.26,13901.16,21835.49,270915.6,258054.2,322936.2,75054.13,80310.51,9024.451,2226.539,367004.1,18403.33,49526,10442,"Other",0,1,0,0,0
"77",600000,"NJ","Avi","Infra",265.7984,279.0168,360.8947,1765.675,2226.539,553.4979,1203.026,1240.999,337.9709,1474.882,198.1587,872.9807,339.6768,397.6727,37295.56,9854.404,55734.5,16745.62,31642.15,171648.2,20200.71,15081.91,55674.46,60239.26,13901.16,21835.49,270915.6,258054.2,322936.2,75054.13,80310.51,9024.451,2226.539,367004.1,18403.33,49526,10442,"Other",1,0,0,0,0
"78",18500000,"Both","PATH","Infra",265.7984,279.0168,360.8947,1765.675,2226.539,553.4979,1203.026,1240.999,337.9709,1474.882,198.1587,872.9807,339.6768,397.6727,37295.56,9854.404,55734.5,16745.62,31642.15,171648.2,20200.71,15081.91,55674.46,60239.26,13901.16,21835.49,270915.6,258054.2,322936.2,75054.13,80310.51,9024.451,2226.539,367004.1,18403.33,49526,10442,"Other",0,0,0,0,1
"79",28695000,"NY","Avi","Paving",267.5056,279.4621,367.5061,1782.308,2238.756,556.5732,1207.126,1252.507,337.2575,1482.968,199.2152,874.7508,344.1129,396.875,36758.79,9896.156,58329.84,16985.45,31732.09,176067.2,20439.35,15735.84,56559.79,61177.59,13733.43,22338.82,278386.8,263813.8,331506.2,76793.11,81576.25,9080.661,2238.756,372594,18400.73,43552,10559,"Other",0,0,0,0,1
"80",12071025,"NY","Avi","Paving",267.5056,279.4621,367.5061,1782.308,2238.756,556.5732,1207.126,1252.507,337.2575,1482.968,199.2152,874.7508,344.1129,396.875,36758.79,9896.156,58329.84,16985.45,31732.09,176067.2,20439.35,15735.84,56559.79,61177.59,13733.43,22338.82,278386.8,263813.8,331506.2,76793.11,81576.25,9080.661,2238.756,372594,18400.73,43552,10559,"Other",0,0,0,1,0
"81",4200000,"NJ","Ports","Infra",267.5056,279.4621,367.5061,1782.308,2238.756,556.5732,1207.126,1252.507,337.2575,1482.968,199.2152,874.7508,344.1129,396.875,36758.79,9896.156,58329.84,16985.45,31732.09,176067.2,20439.35,15735.84,56559.79,61177.59,13733.43,22338.82,278386.8,263813.8,331506.2,76793.11,81576.25,9080.661,2238.756,372594,18400.73,43552,10559,"Public",0,0,1,0,0
"82",1410000,"NJ","TB&T","Building",267.5056,279.4621,367.5061,1782.308,2238.756,556.5732,1207.126,1252.507,337.2575,1482.968,199.2152,874.7508,344.1129,396.875,36758.79,9896.156,58329.84,16985.45,31732.09,176067.2,20439.35,15735.84,56559.79,61177.59,13733.43,22338.82,278386.8,263813.8,331506.2,76793.11,81576.25,9080.661,2238.756,372594,18400.73,43552,10559,"Other",0,1,0,0,0
"83",69800000,"NJ","Avi","Infra",267.5056,279.4621,367.5061,1782.308,2238.756,556.5732,1207.126,1252.507,337.2575,1482.968,199.2152,874.7508,344.1129,396.875,36758.79,9896.156,58329.84,16985.45,31732.09,176067.2,20439.35,15735.84,56559.79,61177.59,13733.43,22338.82,278386.8,263813.8,331506.2,76793.11,81576.25,9080.661,2238.756,372594,18400.73,43552,10559,"Other",0,0,0,0,1
"84",5100000,"NY","Avi","Infra",267.5056,279.4621,367.5061,1782.308,2238.756,556.5732,1207.126,1252.507,337.2575,1482.968,199.2152,874.7508,344.1129,396.875,36758.79,9896.156,58329.84,16985.45,31732.09,176067.2,20439.35,15735.84,56559.79,61177.59,13733.43,22338.82,278386.8,263813.8,331506.2,76793.11,81576.25,9080.661,2238.756,372594,18400.73,43552,10559,"Public",0,0,0,1,0
"85",6500000,"NY","Avi","Infra",267.5056,279.4621,367.5061,1782.308,2238.756,556.5732,1207.126,1252.507,337.2575,1482.968,199.2152,874.7508,344.1129,396.875,36758.79,9896.156,58329.84,16985.45,31732.09,176067.2,20439.35,15735.84,56559.79,61177.59,13733.43,22338.82,278386.8,263813.8,331506.2,76793.11,81576.25,9080.661,2238.756,372594,18400.73,43552,10559,"Other",0,0,0,1,0
"86",4800000,"NY","Avi","Building",267.5056,279.4621,367.5061,1782.308,2238.756,556.5732,1207.126,1252.507,337.2575,1482.968,199.2152,874.7508,344.1129,396.875,36758.79,9896.156,58329.84,16985.45,31732.09,176067.2,20439.35,15735.84,56559.79,61177.59,13733.43,22338.82,278386.8,263813.8,331506.2,76793.11,81576.25,9080.661,2238.756,372594,18400.73,43552,10559,"Public",0,0,1,0,0
"87",1965000,"Both","TB&T","Paving",267.5056,279.4621,367.5061,1782.308,2238.756,556.5732,1207.126,1252.507,337.2575,1482.968,199.2152,874.7508,344.1129,396.875,36758.79,9896.156,58329.84,16985.45,31732.09,176067.2,20439.35,15735.84,56559.79,61177.59,13733.43,22338.82,278386.8,263813.8,331506.2,76793.11,81576.25,9080.661,2238.756,372594,18400.73,43552,10559,"Other",0,1,0,0,0
"88",970000,"NJ","Avi","Infra",267.5056,279.4621,367.5061,1782.308,2238.756,556.5732,1207.126,1252.507,337.2575,1482.968,199.2152,874.7508,344.1129,396.875,36758.79,9896.156,58329.84,16985.45,31732.09,176067.2,20439.35,15735.84,56559.79,61177.59,13733.43,22338.82,278386.8,263813.8,331506.2,76793.11,81576.25,9080.661,2238.756,372594,18400.73,43552,10559,"Public",1,0,0,0,0
"89",2580000,"NJ","Avi","Infra",267.5056,279.4621,367.5061,1782.308,2238.756,556.5732,1207.126,1252.507,337.2575,1482.968,199.2152,874.7508,344.1129,396.875,36758.79,9896.156,58329.84,16985.45,31732.09,176067.2,20439.35,15735.84,56559.79,61177.59,13733.43,22338.82,278386.8,263813.8,331506.2,76793.11,81576.25,9080.661,2238.756,372594,18400.73,43552,10559,"Public",0,1,0,0,0
"90",10393000,"NY","Avi","Paving",267.5056,279.4621,367.5061,1782.308,2238.756,556.5732,1207.126,1252.507,337.2575,1482.968,199.2152,874.7508,344.1129,396.875,36758.79,9896.156,58329.84,16985.45,31732.09,176067.2,20439.35,15735.84,56559.79,61177.59,13733.43,22338.82,278386.8,263813.8,331506.2,76793.11,81576.25,9080.661,2238.756,372594,18400.73,43552,10559,"Other",0,0,0,1,0
"91",240000,"NJ","TB&T","Infra",267.5056,279.4621,367.5061,1782.308,2238.756,556.5732,1207.126,1252.507,337.2575,1482.968,199.2152,874.7508,344.1129,396.875,36758.79,9896.156,58329.84,16985.45,31732.09,176067.2,20439.35,15735.84,56559.79,61177.59,13733.43,22338.82,278386.8,263813.8,331506.2,76793.11,81576.25,9080.661,2238.756,372594,18400.73,43552,10559,"Other",1,0,0,0,0
"92",479900000,"Both","TB&T","Infra",267.5056,279.4621,367.5061,1782.308,2238.756,556.5732,1207.126,1252.507,337.2575,1482.968,199.2152,874.7508,344.1129,396.875,36758.79,9896.156,58329.84,16985.45,31732.09,176067.2,20439.35,15735.84,56559.79,61177.59,13733.43,22338.82,278386.8,263813.8,331506.2,76793.11,81576.25,9080.661,2238.756,372594,18400.73,43552,10559,"Other",0,0,0,0,1
"93",1425000,"NY","Ports","Paving",267.5056,279.4621,367.5061,1782.308,2238.756,556.5732,1207.126,1252.507,337.2575,1482.968,199.2152,874.7508,344.1129,396.875,36758.79,9896.156,58329.84,16985.45,31732.09,176067.2,20439.35,15735.84,56559.79,61177.59,13733.43,22338.82,278386.8,263813.8,331506.2,76793.11,81576.25,9080.661,2238.756,372594,18400.73,43552,10559,"Other",0,1,0,0,0
"94",3750000,"NY","Avi","Paving",267.5056,279.4621,367.5061,1782.308,2238.756,556.5732,1207.126,1252.507,337.2575,1482.968,199.2152,874.7508,344.1129,396.875,36758.79,9896.156,58329.84,16985.45,31732.09,176067.2,20439.35,15735.84,56559.79,61177.59,13733.43,22338.82,278386.8,263813.8,331506.2,76793.11,81576.25,9080.661,2238.756,372594,18400.73,43552,10559,"Other",0,1,0,0,0
"95",3700000,"NY","TB&T","Building",267.5056,279.4621,367.5061,1782.308,2238.756,556.5732,1207.126,1252.507,337.2575,1482.968,199.2152,874.7508,344.1129,396.875,36758.79,9896.156,58329.84,16985.45,31732.09,176067.2,20439.35,15735.84,56559.79,61177.59,13733.43,22338.82,278386.8,263813.8,331506.2,76793.11,81576.25,9080.661,2238.756,372594,18400.73,43552,10559,"Public",0,0,1,0,0
"96",1655000,"NY","Ports","Infra",267.7646,279.6681,367.0391,1793.272,2245.013,557.0744,1203.943,1264.415,336.7957,1487.478,200.4609,871.2448,347.3889,396.9979,37978.05,9654.486,55928.16,17111.32,31998.82,174935.8,20803.73,15949.87,57444.85,61562.78,14052.69,22358.47,281258.1,266012.9,334472,77406.51,82923.29,9105.778,2245.013,373720.4,18396.54,43851,10692,"Public",0,1,0,0,0
"97",30360000,"NJ","PATH","Building",267.7646,279.6681,367.0391,1793.272,2245.013,557.0744,1203.943,1264.415,336.7957,1487.478,200.4609,871.2448,347.3889,396.9979,37978.05,9654.486,55928.16,17111.32,31998.82,174935.8,20803.73,15949.87,57444.85,61562.78,14052.69,22358.47,281258.1,266012.9,334472,77406.51,82923.29,9105.778,2245.013,373720.4,18396.54,43851,10692,"Other",0,0,0,0,1
"98",18870000,"NJ","Avi","Infra",267.7646,279.6681,367.0391,1793.272,2245.013,557.0744,1203.943,1264.415,336.7957,1487.478,200.4609,871.2448,347.3889,396.9979,37978.05,9654.486,55928.16,17111.32,31998.82,174935.8,20803.73,15949.87,57444.85,61562.78,14052.69,22358.47,281258.1,266012.9,334472,77406.51,82923.29,9105.778,2245.013,373720.4,18396.54,43851,10692,"Other",0,0,0,0,1
"99",2625000,"NJ","Ports","Paving",267.7646,279.6681,367.0391,1793.272,2245.013,557.0744,1203.943,1264.415,336.7957,1487.478,200.4609,871.2448,347.3889,396.9979,37978.05,9654.486,55928.16,17111.32,31998.82,174935.8,20803.73,15949.87,57444.85,61562.78,14052.69,22358.47,281258.1,266012.9,334472,77406.51,82923.29,9105.778,2245.013,373720.4,18396.54,43851,10692,"Other",0,0,1,0,0
"100",1520000,"NJ","Ports","Infra",267.7646,279.6681,367.0391,1793.272,2245.013,557.0744,1203.943,1264.415,336.7957,1487.478,200.4609,871.2448,347.3889,396.9979,37978.05,9654.486,55928.16,17111.32,31998.82,174935.8,20803.73,15949.87,57444.85,61562.78,14052.69,22358.47,281258.1,266012.9,334472,77406.51,82923.29,9105.778,2245.013,373720.4,18396.54,43851,10692,"Public",1,0,0,0,0
"101",12630000,"NJ","Avi","Infra",267.7646,279.6681,367.0391,1793.272,2245.013,557.0744,1203.943,1264.415,336.7957,1487.478,200.4609,871.2448,347.3889,396.9979,37978.05,9654.486,55928.16,17111.32,31998.82,174935.8,20803.73,15949.87,57444.85,61562.78,14052.69,22358.47,281258.1,266012.9,334472,77406.51,82923.29,9105.778,2245.013,373720.4,18396.54,43851,10692,"Other",0,0,0,0,1
"102",2060000,"Both","TB&T","Paving",267.7646,279.6681,367.0391,1793.272,2245.013,557.0744,1203.943,1264.415,336.7957,1487.478,200.4609,871.2448,347.3889,396.9979,37978.05,9654.486,55928.16,17111.32,31998.82,174935.8,20803.73,15949.87,57444.85,61562.78,14052.69,22358.47,281258.1,266012.9,334472,77406.51,82923.29,9105.778,2245.013,373720.4,18396.54,43851,10692,"Public",0,0,1,0,0
"103",3589000,"NY","TB&T","Infra",267.7646,279.6681,367.0391,1793.272,2245.013,557.0744,1203.943,1264.415,336.7957,1487.478,200.4609,871.2448,347.3889,396.9979,37978.05,9654.486,55928.16,17111.32,31998.82,174935.8,20803.73,15949.87,57444.85,61562.78,14052.69,22358.47,281258.1,266012.9,334472,77406.51,82923.29,9105.778,2245.013,373720.4,18396.54,43851,10692,"Other",0,0,1,0,0
"104",9000000,"NJ","Ports","Infra",267.7646,279.6681,367.0391,1793.272,2245.013,557.0744,1203.943,1264.415,336.7957,1487.478,200.4609,871.2448,347.3889,396.9979,37978.05,9654.486,55928.16,17111.32,31998.82,174935.8,20803.73,15949.87,57444.85,61562.78,14052.69,22358.47,281258.1,266012.9,334472,77406.51,82923.29,9105.778,2245.013,373720.4,18396.54,43851,10692,"Public",0,0,0,0,1
"105",5000000,"Both","Ports","Infra",267.7646,279.6681,367.0391,1793.272,2245.013,557.0744,1203.943,1264.415,336.7957,1487.478,200.4609,871.2448,347.3889,396.9979,37978.05,9654.486,55928.16,17111.32,31998.82,174935.8,20803.73,15949.87,57444.85,61562.78,14052.69,22358.47,281258.1,266012.9,334472,77406.51,82923.29,9105.778,2245.013,373720.4,18396.54,43851,10692,"Public",0,0,0,1,0
"106",29400000,"NJ","PATH","Building",267.7646,279.6681,367.0391,1793.272,2245.013,557.0744,1203.943,1264.415,336.7957,1487.478,200.4609,871.2448,347.3889,396.9979,37978.05,9654.486,55928.16,17111.32,31998.82,174935.8,20803.73,15949.87,57444.85,61562.78,14052.69,22358.47,281258.1,266012.9,334472,77406.51,82923.29,9105.778,2245.013,373720.4,18396.54,43851,10692,"Other",0,0,0,0,1
"107",2850000,"NY","Avi","Infra",267.7646,279.6681,367.0391,1793.272,2245.013,557.0744,1203.943,1264.415,336.7957,1487.478,200.4609,871.2448,347.3889,396.9979,37978.05,9654.486,55928.16,17111.32,31998.82,174935.8,20803.73,15949.87,57444.85,61562.78,14052.69,22358.47,281258.1,266012.9,334472,77406.51,82923.29,9105.778,2245.013,373720.4,18396.54,43851,10692,"Public",0,1,0,0,0
"108",1140000,"NJ","Avi","Infra",267.7646,279.6681,367.0391,1793.272,2245.013,557.0744,1203.943,1264.415,336.7957,1487.478,200.4609,871.2448,347.3889,396.9979,37978.05,9654.486,55928.16,17111.32,31998.82,174935.8,20803.73,15949.87,57444.85,61562.78,14052.69,22358.47,281258.1,266012.9,334472,77406.51,82923.29,9105.778,2245.013,373720.4,18396.54,43851,10692,"Public",1,0,0,0,0
"109",771000,"NJ","TB&T","Building",267.7646,279.6681,367.0391,1793.272,2245.013,557.0744,1203.943,1264.415,336.7957,1487.478,200.4609,871.2448,347.3889,396.9979,37978.05,9654.486,55928.16,17111.32,31998.82,174935.8,20803.73,15949.87,57444.85,61562.78,14052.69,22358.47,281258.1,266012.9,334472,77406.51,82923.29,9105.778,2245.013,373720.4,18396.54,43851,10692,"Public",1,0,0,0,0
"110",650000,"NJ","Avi","Building",267.7646,279.6681,367.0391,1793.272,2245.013,557.0744,1203.943,1264.415,336.7957,1487.478,200.4609,871.2448,347.3889,396.9979,37978.05,9654.486,55928.16,17111.32,31998.82,174935.8,20803.73,15949.87,57444.85,61562.78,14052.69,22358.47,281258.1,266012.9,334472,77406.51,82923.29,9105.778,2245.013,373720.4,18396.54,43851,10692,"Other",1,0,0,0,0
"111",1070000,"NJ","Avi","Infra",267.7646,279.6681,367.0391,1793.272,2245.013,557.0744,1203.943,1264.415,336.7957,1487.478,200.4609,871.2448,347.3889,396.9979,37978.05,9654.486,55928.16,17111.32,31998.82,174935.8,20803.73,15949.87,57444.85,61562.78,14052.69,22358.47,281258.1,266012.9,334472,77406.51,82923.29,9105.778,2245.013,373720.4,18396.54,43851,10692,"Other",1,0,0,0,0
"112",6445000,"NY","Avi","Building",267.7646,279.6681,367.0391,1793.272,2245.013,557.0744,1203.943,1264.415,336.7957,1487.478,200.4609,871.2448,347.3889,396.9979,37978.05,9654.486,55928.16,17111.32,31998.82,174935.8,20803.73,15949.87,57444.85,61562.78,14052.69,22358.47,281258.1,266012.9,334472,77406.51,82923.29,9105.778,2245.013,373720.4,18396.54,43851,10692,"Other",0,0,0,1,0
"113",2900000,"NJ","Avi","Building",267.7646,279.6681,367.0391,1793.272,2245.013,557.0744,1203.943,1264.415,336.7957,1487.478,200.4609,871.2448,347.3889,396.9979,37978.05,9654.486,55928.16,17111.32,31998.82,174935.8,20803.73,15949.87,57444.85,61562.78,14052.69,22358.47,281258.1,266012.9,334472,77406.51,82923.29,9105.778,2245.013,373720.4,18396.54,43851,10692,"Other",1,0,0,0,0
"114",850000,"NJ","Avi","Building",267.7646,279.6681,367.0391,1793.272,2245.013,557.0744,1203.943,1264.415,336.7957,1487.478,200.4609,871.2448,347.3889,396.9979,37978.05,9654.486,55928.16,17111.32,31998.82,174935.8,20803.73,15949.87,57444.85,61562.78,14052.69,22358.47,281258.1,266012.9,334472,77406.51,82923.29,9105.778,2245.013,373720.4,18396.54,43851,10692,"Other",1,0,0,0,0
"115",1480000,"NJ","PATH","Infra",267.7646,279.6681,367.0391,1793.272,2245.013,557.0744,1203.943,1264.415,336.7957,1487.478,200.4609,871.2448,347.3889,396.9979,37978.05,9654.486,55928.16,17111.32,31998.82,174935.8,20803.73,15949.87,57444.85,61562.78,14052.69,22358.47,281258.1,266012.9,334472,77406.51,82923.29,9105.778,2245.013,373720.4,18396.54,43851,10692,"Other",0,1,0,0,0
"116",7200000,"NY","Avi","Infra",268.6736,282.8239,370.236,1810.46,2255.582,558.451,1205.012,1273.411,335.9784,1495.432,201.699,870.567,353.5647,396.1577,38919.93,9688.067,56836.15,17633.69,32110.92,176966.3,20926.81,15889.88,58332.84,61797.27,13765.07,22531.75,284867.2,268357.9,339005.3,78264.91,83645.55,9153.792,2255.582,376736.5,18392.69,48959,10826,"Public",0,0,1,0,0
"117",700000,"NY","TB&T","Building",268.6736,282.8239,370.236,1810.46,2255.582,558.451,1205.012,1273.411,335.9784,1495.432,201.699,870.567,353.5647,396.1577,38919.93,9688.067,56836.15,17633.69,32110.92,176966.3,20926.81,15889.88,58332.84,61797.27,13765.07,22531.75,284867.2,268357.9,339005.3,78264.91,83645.55,9153.792,2255.582,376736.5,18392.69,48959,10826,"Public",1,0,0,0,0
"118",1330000,"NY","Avi","Infra",268.6736,282.8239,370.236,1810.46,2255.582,558.451,1205.012,1273.411,335.9784,1495.432,201.699,870.567,353.5647,396.1577,38919.93,9688.067,56836.15,17633.69,32110.92,176966.3,20926.81,15889.88,58332.84,61797.27,13765.07,22531.75,284867.2,268357.9,339005.3,78264.91,83645.55,9153.792,2255.582,376736.5,18392.69,48959,10826,"Public",1,0,0,0,0
"119",1650000,"NY","Avi","Paving",268.6736,282.8239,370.236,1810.46,2255.582,558.451,1205.012,1273.411,335.9784,1495.432,201.699,870.567,353.5647,396.1577,38919.93,9688.067,56836.15,17633.69,32110.92,176966.3,20926.81,15889.88,58332.84,61797.27,13765.07,22531.75,284867.2,268357.9,339005.3,78264.91,83645.55,9153.792,2255.582,376736.5,18392.69,48959,10826,"Public",0,1,0,0,0
"120",13720000,"NJ","Ports","Infra",268.6736,282.8239,370.236,1810.46,2255.582,558.451,1205.012,1273.411,335.9784,1495.432,201.699,870.567,353.5647,396.1577,38919.93,9688.067,56836.15,17633.69,32110.92,176966.3,20926.81,15889.88,58332.84,61797.27,13765.07,22531.75,284867.2,268357.9,339005.3,78264.91,83645.55,9153.792,2255.582,376736.5,18392.69,48959,10826,"Other",0,0,0,0,1
"121",6040000,"NY","Avi","Infra",268.6736,282.8239,370.236,1810.46,2255.582,558.451,1205.012,1273.411,335.9784,1495.432,201.699,870.567,353.5647,396.1577,38919.93,9688.067,56836.15,17633.69,32110.92,176966.3,20926.81,15889.88,58332.84,61797.27,13765.07,22531.75,284867.2,268357.9,339005.3,78264.91,83645.55,9153.792,2255.582,376736.5,18392.69,48959,10826,"Public",0,0,0,1,0
"122",8500000,"NJ","Avi","Paving",268.6736,282.8239,370.236,1810.46,2255.582,558.451,1205.012,1273.411,335.9784,1495.432,201.699,870.567,353.5647,396.1577,38919.93,9688.067,56836.15,17633.69,32110.92,176966.3,20926.81,15889.88,58332.84,61797.27,13765.07,22531.75,284867.2,268357.9,339005.3,78264.91,83645.55,9153.792,2255.582,376736.5,18392.69,48959,10826,"Other",0,0,0,1,0
"123",1326000,"NJ","TB&T","Infra",268.6736,282.8239,370.236,1810.46,2255.582,558.451,1205.012,1273.411,335.9784,1495.432,201.699,870.567,353.5647,396.1577,38919.93,9688.067,56836.15,17633.69,32110.92,176966.3,20926.81,15889.88,58332.84,61797.27,13765.07,22531.75,284867.2,268357.9,339005.3,78264.91,83645.55,9153.792,2255.582,376736.5,18392.69,48959,10826,"Public",0,0,1,0,0
"124",1250000,"NY","Ports","Infra",268.6736,282.8239,370.236,1810.46,2255.582,558.451,1205.012,1273.411,335.9784,1495.432,201.699,870.567,353.5647,396.1577,38919.93,9688.067,56836.15,17633.69,32110.92,176966.3,20926.81,15889.88,58332.84,61797.27,13765.07,22531.75,284867.2,268357.9,339005.3,78264.91,83645.55,9153.792,2255.582,376736.5,18392.69,48959,10826,"Public",1,0,0,0,0
"125",189900000,"NY","TB&T","Infra",268.6736,282.8239,370.236,1810.46,2255.582,558.451,1205.012,1273.411,335.9784,1495.432,201.699,870.567,353.5647,396.1577,38919.93,9688.067,56836.15,17633.69,32110.92,176966.3,20926.81,15889.88,58332.84,61797.27,13765.07,22531.75,284867.2,268357.9,339005.3,78264.91,83645.55,9153.792,2255.582,376736.5,18392.69,48959,10826,"Other",0,0,0,0,1
"126",1250000,"Both","TB&T","Infra",268.6736,282.8239,370.236,1810.46,2255.582,558.451,1205.012,1273.411,335.9784,1495.432,201.699,870.567,353.5647,396.1577,38919.93,9688.067,56836.15,17633.69,32110.92,176966.3,20926.81,15889.88,58332.84,61797.27,13765.07,22531.75,284867.2,268357.9,339005.3,78264.91,83645.55,9153.792,2255.582,376736.5,18392.69,48959,10826,"Public",0,0,1,0,0
"127",609000,"Both","TB&T","Infra",268.6736,282.8239,370.236,1810.46,2255.582,558.451,1205.012,1273.411,335.9784,1495.432,201.699,870.567,353.5647,396.1577,38919.93,9688.067,56836.15,17633.69,32110.92,176966.3,20926.81,15889.88,58332.84,61797.27,13765.07,22531.75,284867.2,268357.9,339005.3,78264.91,83645.55,9153.792,2255.582,376736.5,18392.69,48959,10826,"Other",0,1,0,0,0
"128",970000,"NJ","Avi","Building",270.1689,283.1364,374.5196,1823.77,2264.853,558.6141,1203.589,1277.84,335.2886,1502.668,203.5706,868.3185,356.8704,394.7577,39208.76,9847.187,56742.11,17511.14,32419.76,177848.1,20668.63,15961.28,58854.73,62251.3,14020.08,22105.17,291005.3,272301,346039.9,80767.05,85794.74,9182.942,2264.853,378288.9,18389.37,47713,10870,"Public",0,1,0,0,0
"129",2800000,"NY","Avi","Infra",270.1689,283.1364,374.5196,1823.77,2264.853,558.6141,1203.589,1277.84,335.2886,1502.668,203.5706,868.3185,356.8704,394.7577,39208.76,9847.187,56742.11,17511.14,32419.76,177848.1,20668.63,15961.28,58854.73,62251.3,14020.08,22105.17,291005.3,272301,346039.9,80767.05,85794.74,9182.942,2264.853,378288.9,18389.37,47713,10870,"Public",0,0,1,0,0
"130",3000000,"NJ","Avi","Infra",270.1689,283.1364,374.5196,1823.77,2264.853,558.6141,1203.589,1277.84,335.2886,1502.668,203.5706,868.3185,356.8704,394.7577,39208.76,9847.187,56742.11,17511.14,32419.76,177848.1,20668.63,15961.28,58854.73,62251.3,14020.08,22105.17,291005.3,272301,346039.9,80767.05,85794.74,9182.942,2264.853,378288.9,18389.37,47713,10870,"Public",0,0,1,0,0
"131",2194000,"NJ","PATH","Infra",270.1689,283.1364,374.5196,1823.77,2264.853,558.6141,1203.589,1277.84,335.2886,1502.668,203.5706,868.3185,356.8704,394.7577,39208.76,9847.187,56742.11,17511.14,32419.76,177848.1,20668.63,15961.28,58854.73,62251.3,14020.08,22105.17,291005.3,272301,346039.9,80767.05,85794.74,9182.942,2264.853,378288.9,18389.37,47713,10870,"Other",0,1,0,0,0
"132",26900000,"NJ","Avi","Paving",270.1689,283.1364,374.5196,1823.77,2264.853,558.6141,1203.589,1277.84,335.2886,1502.668,203.5706,868.3185,356.8704,394.7577,39208.76,9847.187,56742.11,17511.14,32419.76,177848.1,20668.63,15961.28,58854.73,62251.3,14020.08,22105.17,291005.3,272301,346039.9,80767.05,85794.74,9182.942,2264.853,378288.9,18389.37,47713,10870,"Other",0,0,0,0,1
"133",1650000,"Both","TB&T","Building",270.1689,283.1364,374.5196,1823.77,2264.853,558.6141,1203.589,1277.84,335.2886,1502.668,203.5706,868.3185,356.8704,394.7577,39208.76,9847.187,56742.11,17511.14,32419.76,177848.1,20668.63,15961.28,58854.73,62251.3,14020.08,22105.17,291005.3,272301,346039.9,80767.05,85794.74,9182.942,2264.853,378288.9,18389.37,47713,10870,"Public",0,0,1,0,0
"134",4860000,"NJ","Ports","Infra",270.1689,283.1364,374.5196,1823.77,2264.853,558.6141,1203.589,1277.84,335.2886,1502.668,203.5706,868.3185,356.8704,394.7577,39208.76,9847.187,56742.11,17511.14,32419.76,177848.1,20668.63,15961.28,58854.73,62251.3,14020.08,22105.17,291005.3,272301,346039.9,80767.05,85794.74,9182.942,2264.853,378288.9,18389.37,47713,10870,"Public",0,0,1,0,0
"135",17250000,"NY","TB&T","Infra",270.1689,283.1364,374.5196,1823.77,2264.853,558.6141,1203.589,1277.84,335.2886,1502.668,203.5706,868.3185,356.8704,394.7577,39208.76,9847.187,56742.11,17511.14,32419.76,177848.1,20668.63,15961.28,58854.73,62251.3,14020.08,22105.17,291005.3,272301,346039.9,80767.05,85794.74,9182.942,2264.853,378288.9,18389.37,47713,10870,"Other",0,0,0,0,1
"136",820000,"NJ","Avi","Building",270.1689,283.1364,374.5196,1823.77,2264.853,558.6141,1203.589,1277.84,335.2886,1502.668,203.5706,868.3185,356.8704,394.7577,39208.76,9847.187,56742.11,17511.14,32419.76,177848.1,20668.63,15961.28,58854.73,62251.3,14020.08,22105.17,291005.3,272301,346039.9,80767.05,85794.74,9182.942,2264.853,378288.9,18389.37,47713,10870,"Other",1,0,0,0,0
"137",1350000,"Both","TB&T","Infra",270.1689,283.1364,374.5196,1823.77,2264.853,558.6141,1203.589,1277.84,335.2886,1502.668,203.5706,868.3185,356.8704,394.7577,39208.76,9847.187,56742.11,17511.14,32419.76,177848.1,20668.63,15961.28,58854.73,62251.3,14020.08,22105.17,291005.3,272301,346039.9,80767.05,85794.74,9182.942,2264.853,378288.9,18389.37,47713,10870,"Public",0,0,1,0,0
"138",6600000,"NJ","Avi","Infra",270.1689,283.1364,374.5196,1823.77,2264.853,558.6141,1203.589,1277.84,335.2886,1502.668,203.5706,868.3185,356.8704,394.7577,39208.76,9847.187,56742.11,17511.14,32419.76,177848.1,20668.63,15961.28,58854.73,62251.3,14020.08,22105.17,291005.3,272301,346039.9,80767.05,85794.74,9182.942,2264.853,378288.9,18389.37,47713,10870,"Public",0,0,0,1,0
"139",1530000,"NJ","Avi","Infra",270.1689,283.1364,374.5196,1823.77,2264.853,558.6141,1203.589,1277.84,335.2886,1502.668,203.5706,868.3185,356.8704,394.7577,39208.76,9847.187,56742.11,17511.14,32419.76,177848.1,20668.63,15961.28,58854.73,62251.3,14020.08,22105.17,291005.3,272301,346039.9,80767.05,85794.74,9182.942,2264.853,378288.9,18389.37,47713,10870,"Public",0,1,0,0,0
"140",38000000,"NY","Avi","Infra",270.1689,283.1364,374.5196,1823.77,2264.853,558.6141,1203.589,1277.84,335.2886,1502.668,203.5706,868.3185,356.8704,394.7577,39208.76,9847.187,56742.11,17511.14,32419.76,177848.1,20668.63,15961.28,58854.73,62251.3,14020.08,22105.17,291005.3,272301,346039.9,80767.05,85794.74,9182.942,2264.853,378288.9,18389.37,47713,10870,"Public",0,0,0,0,1
"141",979000,"NJ","Avi","Infra",270.1689,283.1364,374.5196,1823.77,2264.853,558.6141,1203.589,1277.84,335.2886,1502.668,203.5706,868.3185,356.8704,394.7577,39208.76,9847.187,56742.11,17511.14,32419.76,177848.1,20668.63,15961.28,58854.73,62251.3,14020.08,22105.17,291005.3,272301,346039.9,80767.05,85794.74,9182.942,2264.853,378288.9,18389.37,47713,10870,"Other",0,1,0,0,0
"142",4872000,"NY","Avi","Paving",270.1689,283.1364,374.5196,1823.77,2264.853,558.6141,1203.589,1277.84,335.2886,1502.668,203.5706,868.3185,356.8704,394.7577,39208.76,9847.187,56742.11,17511.14,32419.76,177848.1,20668.63,15961.28,58854.73,62251.3,14020.08,22105.17,291005.3,272301,346039.9,80767.05,85794.74,9182.942,2264.853,378288.9,18389.37,47713,10870,"Other",0,0,0,1,0
"143",795000,"Both","TB&T","Infra",270.1689,283.1364,374.5196,1823.77,2264.853,558.6141,1203.589,1277.84,335.2886,1502.668,203.5706,868.3185,356.8704,394.7577,39208.76,9847.187,56742.11,17511.14,32419.76,177848.1,20668.63,15961.28,58854.73,62251.3,14020.08,22105.17,291005.3,272301,346039.9,80767.05,85794.74,9182.942,2264.853,378288.9,18389.37,47713,10870,"Other",1,0,0,0,0
"144",8520000,"NY","TB&T","Infra",271.7825,282.4339,379.1321,1840.169,2268.849,558.4974,1202.098,1280.997,335.2209,1506.175,204.1768,869.5783,358.4926,393.4221,40362.73,9931.334,54576.97,18048.38,33094.83,175334.5,20502.41,16244.14,58414.44,62343.07,14037.9,22386.34,294159.4,273585.8,347790.2,81067.32,85498.45,9210.393,2268.849,378707.5,18386.76,40405,10889,"Other",0,0,0,1,0
"145",200000000,"Both","PATH","Infra",271.7825,282.4339,379.1321,1840.169,2268.849,558.4974,1202.098,1280.997,335.2209,1506.175,204.1768,869.5783,358.4926,393.4221,40362.73,9931.334,54576.97,18048.38,33094.83,175334.5,20502.41,16244.14,58414.44,62343.07,14037.9,22386.34,294159.4,273585.8,347790.2,81067.32,85498.45,9210.393,2268.849,378707.5,18386.76,40405,10889,"Other",0,0,0,0,1
"146",26900000,"Both","PATH","Building",271.7825,282.4339,379.1321,1840.169,2268.849,558.4974,1202.098,1280.997,335.2209,1506.175,204.1768,869.5783,358.4926,393.4221,40362.73,9931.334,54576.97,18048.38,33094.83,175334.5,20502.41,16244.14,58414.44,62343.07,14037.9,22386.34,294159.4,273585.8,347790.2,81067.32,85498.45,9210.393,2268.849,378707.5,18386.76,40405,10889,"Other",0,0,0,0,1
"147",22000000,"NY","Ports","Paving",271.7825,282.4339,379.1321,1840.169,2268.849,558.4974,1202.098,1280.997,335.2209,1506.175,204.1768,869.5783,358.4926,393.4221,40362.73,9931.334,54576.97,18048.38,33094.83,175334.5,20502.41,16244.14,58414.44,62343.07,14037.9,22386.34,294159.4,273585.8,347790.2,81067.32,85498.45,9210.393,2268.849,378707.5,18386.76,40405,10889,"Public",0,0,0,0,1
"148",1700000,"NY","Avi","Building",271.7825,282.4339,379.1321,1840.169,2268.849,558.4974,1202.098,1280.997,335.2209,1506.175,204.1768,869.5783,358.4926,393.4221,40362.73,9931.334,54576.97,18048.38,33094.83,175334.5,20502.41,16244.14,58414.44,62343.07,14037.9,22386.34,294159.4,273585.8,347790.2,81067.32,85498.45,9210.393,2268.849,378707.5,18386.76,40405,10889,"Public",0,1,0,0,0
"149",1056000,"NJ","TB&T","Infra",271.7825,282.4339,379.1321,1840.169,2268.849,558.4974,1202.098,1280.997,335.2209,1506.175,204.1768,869.5783,358.4926,393.4221,40362.73,9931.334,54576.97,18048.38,33094.83,175334.5,20502.41,16244.14,58414.44,62343.07,14037.9,22386.34,294159.4,273585.8,347790.2,81067.32,85498.45,9210.393,2268.849,378707.5,18386.76,40405,10889,"Other",1,0,0,0,0
"150",10590000,"NY","Avi","Paving",271.7825,282.4339,379.1321,1840.169,2268.849,558.4974,1202.098,1280.997,335.2209,1506.175,204.1768,869.5783,358.4926,393.4221,40362.73,9931.334,54576.97,18048.38,33094.83,175334.5,20502.41,16244.14,58414.44,62343.07,14037.9,22386.34,294159.4,273585.8,347790.2,81067.32,85498.45,9210.393,2268.849,378707.5,18386.76,40405,10889,"Other",0,0,0,1,0
"151",23100000,"NY","Avi","Building",271.7825,282.4339,379.1321,1840.169,2268.849,558.4974,1202.098,1280.997,335.2209,1506.175,204.1768,869.5783,358.4926,393.4221,40362.73,9931.334,54576.97,18048.38,33094.83,175334.5,20502.41,16244.14,58414.44,62343.07,14037.9,22386.34,294159.4,273585.8,347790.2,81067.32,85498.45,9210.393,2268.849,378707.5,18386.76,40405,10889,"Public",0,0,0,0,1
"152",1273000,"NJ","Avi","Infra",271.7825,282.4339,379.1321,1840.169,2268.849,558.4974,1202.098,1280.997,335.2209,1506.175,204.1768,869.5783,358.4926,393.4221,40362.73,9931.334,54576.97,18048.38,33094.83,175334.5,20502.41,16244.14,58414.44,62343.07,14037.9,22386.34,294159.4,273585.8,347790.2,81067.32,85498.45,9210.393,2268.849,378707.5,18386.76,40405,10889,"Public",1,0,0,0,0
"153",1600000,"NJ","PATH","Building",271.7825,282.4339,379.1321,1840.169,2268.849,558.4974,1202.098,1280.997,335.2209,1506.175,204.1768,869.5783,358.4926,393.4221,40362.73,9931.334,54576.97,18048.38,33094.83,175334.5,20502.41,16244.14,58414.44,62343.07,14037.9,22386.34,294159.4,273585.8,347790.2,81067.32,85498.45,9210.393,2268.849,378707.5,18386.76,40405,10889,"Public",0,0,1,0,0
"154",10900000,"NJ","Avi","Infra",271.7825,282.4339,379.1321,1840.169,2268.849,558.4974,1202.098,1280.997,335.2209,1506.175,204.1768,869.5783,358.4926,393.4221,40362.73,9931.334,54576.97,18048.38,33094.83,175334.5,20502.41,16244.14,58414.44,62343.07,14037.9,22386.34,294159.4,273585.8,347790.2,81067.32,85498.45,9210.393,2268.849,378707.5,18386.76,40405,10889,"Public",0,0,0,1,0
"155",600000,"NJ","TB&T","Infra",271.7825,282.4339,379.1321,1840.169,2268.849,558.4974,1202.098,1280.997,335.2209,1506.175,204.1768,869.5783,358.4926,393.4221,40362.73,9931.334,54576.97,18048.38,33094.83,175334.5,20502.41,16244.14,58414.44,62343.07,14037.9,22386.34,294159.4,273585.8,347790.2,81067.32,85498.45,9210.393,2268.849,378707.5,18386.76,40405,10889,"Other",1,0,0,0,0
"156",1150000,"NY","TB&T","Building",271.7825,282.4339,379.1321,1840.169,2268.849,558.4974,1202.098,1280.997,335.2209,1506.175,204.1768,869.5783,358.4926,393.4221,40362.73,9931.334,54576.97,18048.38,33094.83,175334.5,20502.41,16244.14,58414.44,62343.07,14037.9,22386.34,294159.4,273585.8,347790.2,81067.32,85498.45,9210.393,2268.849,378707.5,18386.76,40405,10889,"Public",1,0,0,0,0
"157",1440000,"NY","Avi","Infra",271.7825,282.4339,379.1321,1840.169,2268.849,558.4974,1202.098,1280.997,335.2209,1506.175,204.1768,869.5783,358.4926,393.4221,40362.73,9931.334,54576.97,18048.38,33094.83,175334.5,20502.41,16244.14,58414.44,62343.07,14037.9,22386.34,294159.4,273585.8,347790.2,81067.32,85498.45,9210.393,2268.849,378707.5,18386.76,40405,10889,"Public",0,1,0,0,0
"158",27125000,"Both","TB&T","Infra",271.7825,282.4339,379.1321,1840.169,2268.849,558.4974,1202.098,1280.997,335.2209,1506.175,204.1768,869.5783,358.4926,393.4221,40362.73,9931.334,54576.97,18048.38,33094.83,175334.5,20502.41,16244.14,58414.44,62343.07,14037.9,22386.34,294159.4,273585.8,347790.2,81067.32,85498.45,9210.393,2268.849,378707.5,18386.76,40405,10889,"Public",0,0,0,0,1
"159",9140000,"NY","Ports","Paving",273.2088,285.907,379.843,1857.685,2286.135,561.6032,1206.557,1287.149,335.046,1519.282,205.2501,867.5939,360.3109,391.3403,41571.86,9902.822,54223.04,17898.32,33494.07,176495.7,21063.61,16142.54,59211.39,63061.22,14222.85,22482.5,297070.7,274940.7,350910.7,82422.82,86769.1,9257.567,2286.135,381782.7,18384.82,33781,11013,"Public",0,0,0,1,0
"160",3441000,"NJ","Avi","Paving",273.2088,285.907,379.843,1857.685,2286.135,561.6032,1206.557,1287.149,335.046,1519.282,205.2501,867.5939,360.3109,391.3403,41571.86,9902.822,54223.04,17898.32,33494.07,176495.7,21063.61,16142.54,59211.39,63061.22,14222.85,22482.5,297070.7,274940.7,350910.7,82422.82,86769.1,9257.567,2286.135,381782.7,18384.82,33781,11013,"Public",0,0,1,0,0
"161",1520000,"NJ","PATH","Building",273.2088,285.907,379.843,1857.685,2286.135,561.6032,1206.557,1287.149,335.046,1519.282,205.2501,867.5939,360.3109,391.3403,41571.86,9902.822,54223.04,17898.32,33494.07,176495.7,21063.61,16142.54,59211.39,63061.22,14222.85,22482.5,297070.7,274940.7,350910.7,82422.82,86769.1,9257.567,2286.135,381782.7,18384.82,33781,11013,"Public",0,1,0,0,0
"162",960000,"NY","TB&T","Infra",273.2088,285.907,379.843,1857.685,2286.135,561.6032,1206.557,1287.149,335.046,1519.282,205.2501,867.5939,360.3109,391.3403,41571.86,9902.822,54223.04,17898.32,33494.07,176495.7,21063.61,16142.54,59211.39,63061.22,14222.85,22482.5,297070.7,274940.7,350910.7,82422.82,86769.1,9257.567,2286.135,381782.7,18384.82,33781,11013,"Other",1,0,0,0,0
"163",4390000,"NY","Ports","Infra",273.2088,285.907,379.843,1857.685,2286.135,561.6032,1206.557,1287.149,335.046,1519.282,205.2501,867.5939,360.3109,391.3403,41571.86,9902.822,54223.04,17898.32,33494.07,176495.7,21063.61,16142.54,59211.39,63061.22,14222.85,22482.5,297070.7,274940.7,350910.7,82422.82,86769.1,9257.567,2286.135,381782.7,18384.82,33781,11013,"Public",0,0,0,1,0
"164",153277500,"NJ","Avi","Infra",273.2088,285.907,379.843,1857.685,2286.135,561.6032,1206.557,1287.149,335.046,1519.282,205.2501,867.5939,360.3109,391.3403,41571.86,9902.822,54223.04,17898.32,33494.07,176495.7,21063.61,16142.54,59211.39,63061.22,14222.85,22482.5,297070.7,274940.7,350910.7,82422.82,86769.1,9257.567,2286.135,381782.7,18384.82,33781,11013,"Public",0,0,0,0,1
"165",1567000,"NJ","PATH","Building",273.2088,285.907,379.843,1857.685,2286.135,561.6032,1206.557,1287.149,335.046,1519.282,205.2501,867.5939,360.3109,391.3403,41571.86,9902.822,54223.04,17898.32,33494.07,176495.7,21063.61,16142.54,59211.39,63061.22,14222.85,22482.5,297070.7,274940.7,350910.7,82422.82,86769.1,9257.567,2286.135,381782.7,18384.82,33781,11013,"Public",0,1,0,0,0
"166",2770000,"Both","Ports","Infra",273.2088,285.907,379.843,1857.685,2286.135,561.6032,1206.557,1287.149,335.046,1519.282,205.2501,867.5939,360.3109,391.3403,41571.86,9902.822,54223.04,17898.32,33494.07,176495.7,21063.61,16142.54,59211.39,63061.22,14222.85,22482.5,297070.7,274940.7,350910.7,82422.82,86769.1,9257.567,2286.135,381782.7,18384.82,33781,11013,"Other",0,0,1,0,0
"167",38600000,"NJ","PATH","Building",273.2088,285.907,379.843,1857.685,2286.135,561.6032,1206.557,1287.149,335.046,1519.282,205.2501,867.5939,360.3109,391.3403,41571.86,9902.822,54223.04,17898.32,33494.07,176495.7,21063.61,16142.54,59211.39,63061.22,14222.85,22482.5,297070.7,274940.7,350910.7,82422.82,86769.1,9257.567,2286.135,381782.7,18384.82,33781,11013,"Public",0,0,0,0,1
"168",3730000,"NJ","Avi","Paving",274.4556,285.201,380.3137,1877.399,2293.761,564.4404,1213.422,1287.501,334.4532,1523.562,205.7588,863.4158,362.1398,392.2646,41905.64,9961.306,54796.14,18074.59,33824.66,177385.8,21260.32,16310.68,59566.94,63022.66,14252.58,22753.45,298765.8,275436.3,353314.4,83082.34,87464.12,9289.871,2293.761,384150.2,18387.22,37246,11124,"Other",0,0,1,0,0
"169",34796400,"NY","Avi","Paving",274.4556,285.201,380.3137,1877.399,2293.761,564.4404,1213.422,1287.501,334.4532,1523.562,205.7588,863.4158,362.1398,392.2646,41905.64,9961.306,54796.14,18074.59,33824.66,177385.8,21260.32,16310.68,59566.94,63022.66,14252.58,22753.45,298765.8,275436.3,353314.4,83082.34,87464.12,9289.871,2293.761,384150.2,18387.22,37246,11124,"Other",0,0,0,0,1
"170",3570000,"Both","TB&T","Building",274.4556,285.201,380.3137,1877.399,2293.761,564.4404,1213.422,1287.501,334.4532,1523.562,205.7588,863.4158,362.1398,392.2646,41905.64,9961.306,54796.14,18074.59,33824.66,177385.8,21260.32,16310.68,59566.94,63022.66,14252.58,22753.45,298765.8,275436.3,353314.4,83082.34,87464.12,9289.871,2293.761,384150.2,18387.22,37246,11124,"Public",0,0,0,1,0
"171",9350000,"NJ","Avi","Paving",274.4556,285.201,380.3137,1877.399,2293.761,564.4404,1213.422,1287.501,334.4532,1523.562,205.7588,863.4158,362.1398,392.2646,41905.64,9961.306,54796.14,18074.59,33824.66,177385.8,21260.32,16310.68,59566.94,63022.66,14252.58,22753.45,298765.8,275436.3,353314.4,83082.34,87464.12,9289.871,2293.761,384150.2,18387.22,37246,11124,"Other",0,0,0,1,0
"172",1980000,"NJ","Ports","Building",274.4556,285.201,380.3137,1877.399,2293.761,564.4404,1213.422,1287.501,334.4532,1523.562,205.7588,863.4158,362.1398,392.2646,41905.64,9961.306,54796.14,18074.59,33824.66,177385.8,21260.32,16310.68,59566.94,63022.66,14252.58,22753.45,298765.8,275436.3,353314.4,83082.34,87464.12,9289.871,2293.761,384150.2,18387.22,37246,11124,"Other",0,0,1,0,0
"173",54744000,"NY","TB&T","Infra",274.4556,285.201,380.3137,1877.399,2293.761,564.4404,1213.422,1287.501,334.4532,1523.562,205.7588,863.4158,362.1398,392.2646,41905.64,9961.306,54796.14,18074.59,33824.66,177385.8,21260.32,16310.68,59566.94,63022.66,14252.58,22753.45,298765.8,275436.3,353314.4,83082.34,87464.12,9289.871,2293.761,384150.2,18387.22,37246,11124,"Public",0,0,0,0,1
"174",1300000,"Both","TB&T","Paving",274.4556,285.201,380.3137,1877.399,2293.761,564.4404,1213.422,1287.501,334.4532,1523.562,205.7588,863.4158,362.1398,392.2646,41905.64,9961.306,54796.14,18074.59,33824.66,177385.8,21260.32,16310.68,59566.94,63022.66,14252.58,22753.45,298765.8,275436.3,353314.4,83082.34,87464.12,9289.871,2293.761,384150.2,18387.22,37246,11124,"Other",1,0,0,0,0
"175",2500000,"NY","TB&T","Infra",274.4556,285.201,380.3137,1877.399,2293.761,564.4404,1213.422,1287.501,334.4532,1523.562,205.7588,863.4158,362.1398,392.2646,41905.64,9961.306,54796.14,18074.59,33824.66,177385.8,21260.32,16310.68,59566.94,63022.66,14252.58,22753.45,298765.8,275436.3,353314.4,83082.34,87464.12,9289.871,2293.761,384150.2,18387.22,37246,11124,"Public",0,0,1,0,0
"176",17920000,"NY","Avi","Building",274.4556,285.201,380.3137,1877.399,2293.761,564.4404,1213.422,1287.501,334.4532,1523.562,205.7588,863.4158,362.1398,392.2646,41905.64,9961.306,54796.14,18074.59,33824.66,177385.8,21260.32,16310.68,59566.94,63022.66,14252.58,22753.45,298765.8,275436.3,353314.4,83082.34,87464.12,9289.871,2293.761,384150.2,18387.22,37246,11124,"Public",0,0,0,0,1
"177",5960000,"NJ","PATH","Building",274.4556,285.201,380.3137,1877.399,2293.761,564.4404,1213.422,1287.501,334.4532,1523.562,205.7588,863.4158,362.1398,392.2646,41905.64,9961.306,54796.14,18074.59,33824.66,177385.8,21260.32,16310.68,59566.94,63022.66,14252.58,22753.45,298765.8,275436.3,353314.4,83082.34,87464.12,9289.871,2293.761,384150.2,18387.22,37246,11124,"Public",0,0,0,1,0
"178",1700000,"NJ","PATH","Building",274.4556,285.201,380.3137,1877.399,2293.761,564.4404,1213.422,1287.501,334.4532,1523.562,205.7588,863.4158,362.1398,392.2646,41905.64,9961.306,54796.14,18074.59,33824.66,177385.8,21260.32,16310.68,59566.94,63022.66,14252.58,22753.45,298765.8,275436.3,353314.4,83082.34,87464.12,9289.871,2293.761,384150.2,18387.22,37246,11124,"Other",0,0,1,0,0
"179",64356250,"NJ","TB&T","Infra",274.4556,285.201,380.3137,1877.399,2293.761,564.4404,1213.422,1287.501,334.4532,1523.562,205.7588,863.4158,362.1398,392.2646,41905.64,9961.306,54796.14,18074.59,33824.66,177385.8,21260.32,16310.68,59566.94,63022.66,14252.58,22753.45,298765.8,275436.3,353314.4,83082.34,87464.12,9289.871,2293.761,384150.2,18387.22,37246,11124,"Public",0,0,0,0,1
"180",760000,"NJ","Avi","Building",274.4556,285.201,380.3137,1877.399,2293.761,564.4404,1213.422,1287.501,334.4532,1523.562,205.7588,863.4158,362.1398,392.2646,41905.64,9961.306,54796.14,18074.59,33824.66,177385.8,21260.32,16310.68,59566.94,63022.66,14252.58,22753.45,298765.8,275436.3,353314.4,83082.34,87464.12,9289.871,2293.761,384150.2,18387.22,37246,11124,"Other",0,1,0,0,0
"181",21700000,"NJ","PATH","Building",275.139,281.8642,382.6436,1890.489,2298.714,561.8867,1215.963,1289.338,335.7074,1531.904,204.9236,867.033,365.4861,390.5408,42534.86,9950.181,55185.31,18178,33886.06,178338.4,21359.68,16389.48,59990.24,63162.84,14347.17,22901.03,303687.2,278957.8,358573.3,83716.12,88505.45,9317.778,2298.714,386283.9,18395.67,36000,11184,"Public",0,0,0,0,1
"182",1130000,"NJ","TB&T","Infra",275.139,281.8642,382.6436,1890.489,2298.714,561.8867,1215.963,1289.338,335.7074,1531.904,204.9236,867.033,365.4861,390.5408,42534.86,9950.181,55185.31,18178,33886.06,178338.4,21359.68,16389.48,59990.24,63162.84,14347.17,22901.03,303687.2,278957.8,358573.3,83716.12,88505.45,9317.778,2298.714,386283.9,18395.67,36000,11184,"Public",0,1,0,0,0
"183",3800000,"NY","Avi","Infra",275.139,281.8642,382.6436,1890.489,2298.714,561.8867,1215.963,1289.338,335.7074,1531.904,204.9236,867.033,365.4861,390.5408,42534.86,9950.181,55185.31,18178,33886.06,178338.4,21359.68,16389.48,59990.24,63162.84,14347.17,22901.03,303687.2,278957.8,358573.3,83716.12,88505.45,9317.778,2298.714,386283.9,18395.67,36000,11184,"Public",0,0,1,0,0
"184",7950000,"NY","TB&T","Paving",275.139,281.8642,382.6436,1890.489,2298.714,561.8867,1215.963,1289.338,335.7074,1531.904,204.9236,867.033,365.4861,390.5408,42534.86,9950.181,55185.31,18178,33886.06,178338.4,21359.68,16389.48,59990.24,63162.84,14347.17,22901.03,303687.2,278957.8,358573.3,83716.12,88505.45,9317.778,2298.714,386283.9,18395.67,36000,11184,"Public",0,0,0,1,0
"185",2971000,"NJ","PATH","Infra",275.139,281.8642,382.6436,1890.489,2298.714,561.8867,1215.963,1289.338,335.7074,1531.904,204.9236,867.033,365.4861,390.5408,42534.86,9950.181,55185.31,18178,33886.06,178338.4,21359.68,16389.48,59990.24,63162.84,14347.17,22901.03,303687.2,278957.8,358573.3,83716.12,88505.45,9317.778,2298.714,386283.9,18395.67,36000,11184,"Public",0,0,1,0,0
"186",6500000,"NJ","PATH","Infra",275.139,281.8642,382.6436,1890.489,2298.714,561.8867,1215.963,1289.338,335.7074,1531.904,204.9236,867.033,365.4861,390.5408,42534.86,9950.181,55185.31,18178,33886.06,178338.4,21359.68,16389.48,59990.24,63162.84,14347.17,22901.03,303687.2,278957.8,358573.3,83716.12,88505.45,9317.778,2298.714,386283.9,18395.67,36000,11184,"Public",0,0,0,1,0
"187",9650000,"NJ","PATH","Building",275.139,281.8642,382.6436,1890.489,2298.714,561.8867,1215.963,1289.338,335.7074,1531.904,204.9236,867.033,365.4861,390.5408,42534.86,9950.181,55185.31,18178,33886.06,178338.4,21359.68,16389.48,59990.24,63162.84,14347.17,22901.03,303687.2,278957.8,358573.3,83716.12,88505.45,9317.778,2298.714,386283.9,18395.67,36000,11184,"Public",0,0,0,1,0
"188",2215000,"NY","TB&T","Building",275.139,281.8642,382.6436,1890.489,2298.714,561.8867,1215.963,1289.338,335.7074,1531.904,204.9236,867.033,365.4861,390.5408,42534.86,9950.181,55185.31,18178,33886.06,178338.4,21359.68,16389.48,59990.24,63162.84,14347.17,22901.03,303687.2,278957.8,358573.3,83716.12,88505.45,9317.778,2298.714,386283.9,18395.67,36000,11184,"Other",0,1,0,0,0
"189",784000,"NY","Avi","Infra",275.139,281.8642,382.6436,1890.489,2298.714,561.8867,1215.963,1289.338,335.7074,1531.904,204.9236,867.033,365.4861,390.5408,42534.86,9950.181,55185.31,18178,33886.06,178338.4,21359.68,16389.48,59990.24,63162.84,14347.17,22901.03,303687.2,278957.8,358573.3,83716.12,88505.45,9317.778,2298.714,386283.9,18395.67,36000,11184,"Public",1,0,0,0,0
"190",9720000,"Both","PATH","Building",275.139,281.8642,382.6436,1890.489,2298.714,561.8867,1215.963,1289.338,335.7074,1531.904,204.9236,867.033,365.4861,390.5408,42534.86,9950.181,55185.31,18178,33886.06,178338.4,21359.68,16389.48,59990.24,63162.84,14347.17,22901.03,303687.2,278957.8,358573.3,83716.12,88505.45,9317.778,2298.714,386283.9,18395.67,36000,11184,"Public",0,0,0,1,0
"191",186355200,"NY","Avi","Paving",275.139,281.8642,382.6436,1890.489,2298.714,561.8867,1215.963,1289.338,335.7074,1531.904,204.9236,867.033,365.4861,390.5408,42534.86,9950.181,55185.31,18178,33886.06,178338.4,21359.68,16389.48,59990.24,63162.84,14347.17,22901.03,303687.2,278957.8,358573.3,83716.12,88505.45,9317.778,2298.714,386283.9,18395.67,36000,11184,"Public",0,0,0,0,1
"192",12570000,"NJ","Avi","Infra",275.139,281.8642,382.6436,1890.489,2298.714,561.8867,1215.963,1289.338,335.7074,1531.904,204.9236,867.033,365.4861,390.5408,42534.86,9950.181,55185.31,18178,33886.06,178338.4,21359.68,16389.48,59990.24,63162.84,14347.17,22901.03,303687.2,278957.8,358573.3,83716.12,88505.45,9317.778,2298.714,386283.9,18395.67,36000,11184,"Public",0,0,0,1,0
"193",287000,"NY","Avi","Infra",275.139,281.8642,382.6436,1890.489,2298.714,561.8867,1215.963,1289.338,335.7074,1531.904,204.9236,867.033,365.4861,390.5408,42534.86,9950.181,55185.31,18178,33886.06,178338.4,21359.68,16389.48,59990.24,63162.84,14347.17,22901.03,303687.2,278957.8,358573.3,83716.12,88505.45,9317.778,2298.714,386283.9,18395.67,36000,11184,"Other",1,0,0,0,0
"194",122920000,"NJ","Avi","Infra",275.139,281.8642,382.6436,1890.489,2298.714,561.8867,1215.963,1289.338,335.7074,1531.904,204.9236,867.033,365.4861,390.5408,42534.86,9950.181,55185.31,18178,33886.06,178338.4,21359.68,16389.48,59990.24,63162.84,14347.17,22901.03,303687.2,278957.8,358573.3,83716.12,88505.45,9317.778,2298.714,386283.9,18395.67,36000,11184,"Public",0,0,0,0,1
"195",448000,"NY","Avi","Infra",275.139,281.8642,382.6436,1890.489,2298.714,561.8867,1215.963,1289.338,335.7074,1531.904,204.9236,867.033,365.4861,390.5408,42534.86,9950.181,55185.31,18178,33886.06,178338.4,21359.68,16389.48,59990.24,63162.84,14347.17,22901.03,303687.2,278957.8,358573.3,83716.12,88505.45,9317.778,2298.714,386283.9,18395.67,36000,11184,"Other",1,0,0,0,0
"196",1500000,"NJ","PATH","Building",275.139,281.8642,382.6436,1890.489,2298.714,561.8867,1215.963,1289.338,335.7074,1531.904,204.9236,867.033,365.4861,390.5408,42534.86,9950.181,55185.31,18178,33886.06,178338.4,21359.68,16389.48,59990.24,63162.84,14347.17,22901.03,303687.2,278957.8,358573.3,83716.12,88505.45,9317.778,2298.714,386283.9,18395.67,36000,11184,"Other",0,0,1,0,0
"197",5000000,"NJ","PATH","Paving",275.139,281.8642,382.6436,1890.489,2298.714,561.8867,1215.963,1289.338,335.7074,1531.904,204.9236,867.033,365.4861,390.5408,42534.86,9950.181,55185.31,18178,33886.06,178338.4,21359.68,16389.48,59990.24,63162.84,14347.17,22901.03,303687.2,278957.8,358573.3,83716.12,88505.45,9317.778,2298.714,386283.9,18395.67,36000,11184,"Public",0,0,0,1,0
"198",10250000,"NJ","Avi","Paving",275.139,281.8642,382.6436,1890.489,2298.714,561.8867,1215.963,1289.338,335.7074,1531.904,204.9236,867.033,365.4861,390.5408,42534.86,9950.181,55185.31,18178,33886.06,178338.4,21359.68,16389.48,59990.24,63162.84,14347.17,22901.03,303687.2,278957.8,358573.3,83716.12,88505.45,9317.778,2298.714,386283.9,18395.67,36000,11184,"Public",0,0,0,1,0
"199",426000,"NJ","Avi","Building",275.841,281.2659,385.4746,1901.442,2305.952,561.9617,1212.891,1297.42,335.3185,1538.028,205.962,869.6318,367.6337,391.9929,42907.62,9980.863,55148.99,18178.72,33802.28,178254.1,21350.07,16456.83,60050.47,63054.66,14430.38,22906.32,304413.9,278904.5,360158.4,83726.27,88354.95,9349.021,2305.952,386470.9,18405.14,30542,11213,"Other",1,0,0,0,0
"200",4500000,"NY","Avi","Infra",275.841,281.2659,385.4746,1901.442,2305.952,561.9617,1212.891,1297.42,335.3185,1538.028,205.962,869.6318,367.6337,391.9929,42907.62,9980.863,55148.99,18178.72,33802.28,178254.1,21350.07,16456.83,60050.47,63054.66,14430.38,22906.32,304413.9,278904.5,360158.4,83726.27,88354.95,9349.021,2305.952,386470.9,18405.14,30542,11213,"Public",0,0,0,1,0
"201",28219450,"Both","TB&T","Infra",275.841,281.2659,385.4746,1901.442,2305.952,561.9617,1212.891,1297.42,335.3185,1538.028,205.962,869.6318,367.6337,391.9929,42907.62,9980.863,55148.99,18178.72,33802.28,178254.1,21350.07,16456.83,60050.47,63054.66,14430.38,22906.32,304413.9,278904.5,360158.4,83726.27,88354.95,9349.021,2305.952,386470.9,18405.14,30542,11213,"Public",0,0,0,0,1
"202",23450000,"NJ","Avi","Paving",275.841,281.2659,385.4746,1901.442,2305.952,561.9617,1212.891,1297.42,335.3185,1538.028,205.962,869.6318,367.6337,391.9929,42907.62,9980.863,55148.99,18178.72,33802.28,178254.1,21350.07,16456.83,60050.47,63054.66,14430.38,22906.32,304413.9,278904.5,360158.4,83726.27,88354.95,9349.021,2305.952,386470.9,18405.14,30542,11213,"Public",0,0,0,0,1
"203",92495500,"Both","TB&T","Infra",275.841,281.2659,385.4746,1901.442,2305.952,561.9617,1212.891,1297.42,335.3185,1538.028,205.962,869.6318,367.6337,391.9929,42907.62,9980.863,55148.99,18178.72,33802.28,178254.1,21350.07,16456.83,60050.47,63054.66,14430.38,22906.32,304413.9,278904.5,360158.4,83726.27,88354.95,9349.021,2305.952,386470.9,18405.14,30542,11213,"Public",0,0,0,0,1
"204",13910000,"NJ","Ports","Infra",275.841,281.2659,385.4746,1901.442,2305.952,561.9617,1212.891,1297.42,335.3185,1538.028,205.962,869.6318,367.6337,391.9929,42907.62,9980.863,55148.99,18178.72,33802.28,178254.1,21350.07,16456.83,60050.47,63054.66,14430.38,22906.32,304413.9,278904.5,360158.4,83726.27,88354.95,9349.021,2305.952,386470.9,18405.14,30542,11213,"Other",0,0,0,1,0
"205",1130000,"NJ","TB&T","Infra",275.841,281.2659,385.4746,1901.442,2305.952,561.9617,1212.891,1297.42,335.3185,1538.028,205.962,869.6318,367.6337,391.9929,42907.62,9980.863,55148.99,18178.72,33802.28,178254.1,21350.07,16456.83,60050.47,63054.66,14430.38,22906.32,304413.9,278904.5,360158.4,83726.27,88354.95,9349.021,2305.952,386470.9,18405.14,30542,11213,"Other",0,1,0,0,0
"206",684000,"NY","Avi","Infra",275.841,281.2659,385.4746,1901.442,2305.952,561.9617,1212.891,1297.42,335.3185,1538.028,205.962,869.6318,367.6337,391.9929,42907.62,9980.863,55148.99,18178.72,33802.28,178254.1,21350.07,16456.83,60050.47,63054.66,14430.38,22906.32,304413.9,278904.5,360158.4,83726.27,88354.95,9349.021,2305.952,386470.9,18405.14,30542,11213,"Other",1,0,0,0,0
"207",1790000,"Both","TB&T","Paving",275.841,281.2659,385.4746,1901.442,2305.952,561.9617,1212.891,1297.42,335.3185,1538.028,205.962,869.6318,367.6337,391.9929,42907.62,9980.863,55148.99,18178.72,33802.28,178254.1,21350.07,16456.83,60050.47,63054.66,14430.38,22906.32,304413.9,278904.5,360158.4,83726.27,88354.95,9349.021,2305.952,386470.9,18405.14,30542,11213,"Other",0,1,0,0,0
"208",1880000,"Both","TB&T","Paving",275.841,281.2659,385.4746,1901.442,2305.952,561.9617,1212.891,1297.42,335.3185,1538.028,205.962,869.6318,367.6337,391.9929,42907.62,9980.863,55148.99,18178.72,33802.28,178254.1,21350.07,16456.83,60050.47,63054.66,14430.38,22906.32,304413.9,278904.5,360158.4,83726.27,88354.95,9349.021,2305.952,386470.9,18405.14,30542,11213,"Other",0,0,1,0,0
"209",4450000,"NJ","Ports","Infra",275.841,281.2659,385.4746,1901.442,2305.952,561.9617,1212.891,1297.42,335.3185,1538.028,205.962,869.6318,367.6337,391.9929,42907.62,9980.863,55148.99,18178.72,33802.28,178254.1,21350.07,16456.83,60050.47,63054.66,14430.38,22906.32,304413.9,278904.5,360158.4,83726.27,88354.95,9349.021,2305.952,386470.9,18405.14,30542,11213,"Public",0,0,0,1,0
"210",42125550,"NY","Avi","Paving",275.841,281.2659,385.4746,1901.442,2305.952,561.9617,1212.891,1297.42,335.3185,1538.028,205.962,869.6318,367.6337,391.9929,42907.62,9980.863,55148.99,18178.72,33802.28,178254.1,21350.07,16456.83,60050.47,63054.66,14430.38,22906.32,304413.9,278904.5,360158.4,83726.27,88354.95,9349.021,2305.952,386470.9,18405.14,30542,11213,"Public",0,0,0,0,1
"211",2460000,"NY","Avi","Infra",275.841,281.2659,385.4746,1901.442,2305.952,561.9617,1212.891,1297.42,335.3185,1538.028,205.962,869.6318,367.6337,391.9929,42907.62,9980.863,55148.99,18178.72,33802.28,178254.1,21350.07,16456.83,60050.47,63054.66,14430.38,22906.32,304413.9,278904.5,360158.4,83726.27,88354.95,9349.021,2305.952,386470.9,18405.14,30542,11213,"Other",0,0,1,0,0
"212",2390000,"NY","Avi","Building",275.841,281.2659,385.4746,1901.442,2305.952,561.9617,1212.891,1297.42,335.3185,1538.028,205.962,869.6318,367.6337,391.9929,42907.62,9980.863,55148.99,18178.72,33802.28,178254.1,21350.07,16456.83,60050.47,63054.66,14430.38,22906.32,304413.9,278904.5,360158.4,83726.27,88354.95,9349.021,2305.952,386470.9,18405.14,30542,11213,"Public",0,0,1,0,0
"213",1151000,"NJ","TB&T","Building",275.841,281.2659,385.4746,1901.442,2305.952,561.9617,1212.891,1297.42,335.3185,1538.028,205.962,869.6318,367.6337,391.9929,42907.62,9980.863,55148.99,18178.72,33802.28,178254.1,21350.07,16456.83,60050.47,63054.66,14430.38,22906.32,304413.9,278904.5,360158.4,83726.27,88354.95,9349.021,2305.952,386470.9,18405.14,30542,11213,"Other",0,1,0,0,0
